Notes,ManualCheck,MergeInto,RenameKeyGroup,KeyParamGroup,KeyGroup,ParamGroup,Counts,DwellTime,EchoTime,EffectiveEchoSpacing,FieldmapKey00,FlipAngle,IntendedForKey00,IntendedForKey01,IntendedForKey02,IntendedForKey03,IntendedForKey04,IntendedForKey05,IntendedForKey06,IntendedForKey07,IntendedForKey08,IntendedForKey09,IntendedForKey10,IntendedForKey11,IntendedForKey12,IntendedForKey13,IntendedForKey14,IntendedForKey15,IntendedForKey16,IntendedForKey17,IntendedForKey18,IntendedForKey19,IntendedForKey20,IntendedForKey21,IntendedForKey22,IntendedForKey23,IntendedForKey24,IntendedForKey25,IntendedForKey26,IntendedForKey27,IntendedForKey28,IntendedForKey29,IntendedForKey30,IntendedForKey31,IntendedForKey32,IntendedForKey33,IntendedForKey34,IntendedForKey35,IntendedForKey36,IntendedForKey37,IntendedForKey38,IntendedForKey39,IntendedForKey40,IntendedForKey41,IntendedForKey42,IntendedForKey43,IntendedForKey44,IntendedForKey45,IntendedForKey46,IntendedForKey47,IntendedForKey48,IntendedForKey49,IntendedForKey50,IntendedForKey51,IntendedForKey52,IntendedForKey53,MultibandAccelerationFactor,NSliceTimes,NumberOfVolumesDiscardedByScanner,NumberOfVolumesDiscardedByUser,ParallelAcquisitionTechnique,ParallelReductionFactorInPlane,PartialFourier,PhaseEncodingDirection,RepetitionTime,SliceEncodingDirection,TotalReadoutTime,VolumeTiming
Dominant Group,,,,acquisition-100_datatype-func_suffix-bold_task-rest__1,acquisition-100_datatype-func_suffix-bold_task-rest,1,75,,0.032,0.000550002,datatype-fmap_fmap-phase1_suffix-phase1,90,,,,,,,,,,,,,,,,,,,,,,,,,,,,,,,,,,,,,,,,,,,,,,,,,,,,,,,,46,,,,,1,j-,3,,0.0346501,
NoFmap,,,acquisition-100NoFmap_datatype-func_suffix-bold_task-rest,acquisition-100_datatype-func_suffix-bold_task-rest__2,acquisition-100_datatype-func_suffix-bold_task-rest,2,2,,0.032,0.000550002,,90,,,,,,,,,,,,,,,,,,,,,,,,,,,,,,,,,,,,,,,,,,,,,,,,,,,,,,,,46,,,,,1,j-,3,,0.0346501,
,,,,acquisition-VariantTr_datatype-dwi_run-1_suffix-dwi__1,acquisition-VariantTr_datatype-dwi_run-1_suffix-dwi,1,1,,0.082,0.000266666,,90,,,,,,,,,,,,,,,,,,,,,,,,,,,,,,,,,,,,,,,,,,,,,,,,,,,,,,,,70,,,,3,0.75,j-,8.4,,0.0338665,
,,,,acquisition-VariantTr_datatype-dwi_run-1_suffix-dwi__2,acquisition-VariantTr_datatype-dwi_run-1_suffix-dwi,2,1,,0.082,0.000266666,,90,,,,,,,,,,,,,,,,,,,,,,,,,,,,,,,,,,,,,,,,,,,,,,,,,,,,,,,,70,,,,3,0.75,j-,9,,0.0338665,
,,,,acquisition-VariantTr_datatype-dwi_run-1_suffix-dwi__3,acquisition-VariantTr_datatype-dwi_run-1_suffix-dwi,3,4,,0.082,0.000266666,,90,,,,,,,,,,,,,,,,,,,,,,,,,,,,,,,,,,,,,,,,,,,,,,,,,,,,,,,,70,,,,3,0.75,j-,8.5,,0.0338665,
,,,,acquisition-VariantTr_datatype-dwi_run-1_suffix-dwi__4,acquisition-VariantTr_datatype-dwi_run-1_suffix-dwi,4,1,,0.082,0.000266666,,90,,,,,,,,,,,,,,,,,,,,,,,,,,,,,,,,,,,,,,,,,,,,,,,,,,,,,,,,70,,,,3,0.75,j-,8.3,,0.0338665,
,,,,acquisition-VariantTr_datatype-dwi_run-1_suffix-dwi__5,acquisition-VariantTr_datatype-dwi_run-1_suffix-dwi,5,3,,0.082,0.000266666,,90,,,,,,,,,,,,,,,,,,,,,,,,,,,,,,,,,,,,,,,,,,,,,,,,,,,,,,,,70,,,,3,0.75,j-,8.8,,0.0338665,
,,,,acquisition-VariantTr_datatype-dwi_run-1_suffix-dwi__6,acquisition-VariantTr_datatype-dwi_run-1_suffix-dwi,6,2,,0.082,0.000266666,,90,,,,,,,,,,,,,,,,,,,,,,,,,,,,,,,,,,,,,,,,,,,,,,,,,,,,,,,,70,,,,3,0.75,j-,8.2,,0.0338665,
,,,,acquisition-VariantTr_datatype-dwi_run-1_suffix-dwi__7,acquisition-VariantTr_datatype-dwi_run-1_suffix-dwi,7,1,,0.082,0.000266666,,90,,,,,,,,,,,,,,,,,,,,,,,,,,,,,,,,,,,,,,,,,,,,,,,,,,,,,,,,70,,,,3,0.75,j-,9.8,,0.0338665,
,,,,acquisition-VariantTr_datatype-dwi_run-1_suffix-dwi__8,acquisition-VariantTr_datatype-dwi_run-1_suffix-dwi,8,1,,0.102,0.000799969,,90,,,,,,,,,,,,,,,,,,,,,,,,,,,,,,,,,,,,,,,,,,,,,,,,,,,,,,,,70,,,,,0.75,j-,12.3,,0.101596,
,,,,acquisition-VariantTr_datatype-dwi_run-1_suffix-dwi__9,acquisition-VariantTr_datatype-dwi_run-1_suffix-dwi,9,1,,0.082,0.000266666,,90,,,,,,,,,,,,,,,,,,,,,,,,,,,,,,,,,,,,,,,,,,,,,,,,,,,,,,,,70,,,,3,0.75,j-,9.4,,0.0338665,
,,,,acquisition-VariantTr_datatype-dwi_run-1_suffix-dwi__10,acquisition-VariantTr_datatype-dwi_run-1_suffix-dwi,10,1,,0.082,0.000266666,,90,,,,,,,,,,,,,,,,,,,,,,,,,,,,,,,,,,,,,,,,,,,,,,,,,,,,,,,,70,,,,3,0.75,j-,9.1,,0.0338665,
,,,,acquisition-VariantTr_datatype-dwi_run-1_suffix-dwi__11,acquisition-VariantTr_datatype-dwi_run-1_suffix-dwi,11,1,,0.082,0.000266666,,90,,,,,,,,,,,,,,,,,,,,,,,,,,,,,,,,,,,,,,,,,,,,,,,,,,,,,,,,70,,,,3,0.75,j-,9.3,,0.0338665,
,,,,acquisition-VariantTr_datatype-dwi_run-1_suffix-dwi__12,acquisition-VariantTr_datatype-dwi_run-1_suffix-dwi,12,1,,0.082,0.000266666,,90,,,,,,,,,,,,,,,,,,,,,,,,,,,,,,,,,,,,,,,,,,,,,,,,,,,,,,,,70,,,,3,0.75,j-,9.2,,0.0338665,
,,,,acquisition-VariantTr_datatype-dwi_run-1_suffix-dwi__13,acquisition-VariantTr_datatype-dwi_run-1_suffix-dwi,13,1,1.80E-06,0.082,0.000266666,,90,,,,,,,,,,,,,,,,,,,,,,,,,,,,,,,,,,,,,,,,,,,,,,,,,,,,,,,,70,,,,3,0.75,j-,8.3,,0.0338665,
,,,,acquisition-VariantTr_datatype-dwi_run-1_suffix-dwi__14,acquisition-VariantTr_datatype-dwi_run-1_suffix-dwi,14,1,,0.082,0.000266666,,90,,,,,,,,,,,,,,,,,,,,,,,,,,,,,,,,,,,,,,,,,,,,,,,,,,,,,,,,70,,,,3,0.75,j-,8.6,,0.0338665,
Dominant Group,,,,acquisition-gre_suffix-asl_task-rest__1,acquisition-gre_suffix-asl_task-rest,1,181,,0.015,0.000399995,,90,,,,,,,,,,,,,,,,,,,,,,,,,,,,,,,,,,,,,,,,,,,,,,,,,,,,,,,,20,,,,2,0.75,j-,4,,0.0379995,
Variant TR,,,acquisition-greVariantTr_suffix-asl_task-rest,acquisition-gre_suffix-asl_task-rest__2,acquisition-gre_suffix-asl_task-rest,2,1,,0.015,0.000399995,,90,,,,,,,,,,,,,,,,,,,,,,,,,,,,,,,,,,,,,,,,,,,,,,,,,,,,,,,,20,,,,2,0.75,j-,4.34,,0.0379995,
Variant Flip Angle,,,acquisition-greVariantFlipAngle_suffix-asl_task-rest,acquisition-gre_suffix-asl_task-rest__3,acquisition-gre_suffix-asl_task-rest,3,1,,0.015,0.000399995,,59,,,,,,,,,,,,,,,,,,,,,,,,,,,,,,,,,,,,,,,,,,,,,,,,,,,,,,,,20,,,,2,0.75,j-,4,,0.0379995,
Variant TR,,,acquisition-greVariantTr_suffix-asl_task-rest,acquisition-gre_suffix-asl_task-rest__4,acquisition-gre_suffix-asl_task-rest,4,1,,0.015,0.000399995,,90,,,,,,,,,,,,,,,,,,,,,,,,,,,,,,,,,,,,,,,,,,,,,,,,,,,,,,,,20,,,,2,0.75,j-,4.15,,0.0379995,
Variant TR,,,acquisition-greVariantTr_suffix-asl_task-rest,acquisition-gre_suffix-asl_task-rest__5,acquisition-gre_suffix-asl_task-rest,5,1,,0.015,0.000399995,,90,,,,,,,,,,,,,,,,,,,,,,,,,,,,,,,,,,,,,,,,,,,,,,,,,,,,,,,,20,,,,2,0.75,j-,4.11,,0.0379995,
Dwell Time,,1,,acquisition-gre_suffix-asl_task-rest__6,acquisition-gre_suffix-asl_task-rest,6,2,2.00E-06,0.015,0.000399995,,90,,,,,,,,,,,,,,,,,,,,,,,,,,,,,,,,,,,,,,,,,,,,,,,,,,,,,,,,20,,,,2,0.75,j-,4,,0.0379995,
unclear how dif?,,3,,acquisition-gre_suffix-m0scan_task-rest__1,acquisition-gre_suffix-m0scan_task-rest,1,2,,0.029,0.000345003,,90,,,,,,,,,,,,,,,,,,,,,,,,,,,,,,,,,,,,,,,,,,,,,,,,,,,,,,,,20,,,,2,0.875,j-,20,,0.0327753,
unclear how dif?,,3,,acquisition-gre_suffix-m0scan_task-rest__2,acquisition-gre_suffix-m0scan_task-rest,2,54,,0.029,0.000345003,,90,,,,,,,,,,,,,,,,,,,,,,,,,,,,,,,,,,,,,,,,,,,,,,,,,,,,,,,,20,,,,2,0.875,j-,20,,0.0327753,
dominant group,,,,acquisition-gre_suffix-m0scan_task-rest__3,acquisition-gre_suffix-m0scan_task-rest,3,162,,0.029,0.000345003,,90,,,,,,,,,,,,,,,,,,,,,,,,,,,,,,,,,,,,,,,,,,,,,,,,,,,,,,,,20,,,,2,0.875,j-,20,,0.0327753,
dwell time,,3,,acquisition-gre_suffix-m0scan_task-rest__4,acquisition-gre_suffix-m0scan_task-rest,4,2,2.70E-06,0.029,0.000345003,,90,,,,,,,,,,,,,,,,,,,,,,,,,,,,,,,,,,,,,,,,,,,,,,,,,,,,,,,,20,,,,2,0.875,j-,20,,0.0327753,
Dominant Group,,,,acquisition-refaced_datatype-anat_suffix-T1w__1,acquisition-refaced_datatype-anat_suffix-T1w,1,1599,,0.00351,,,9,,,,,,,,,,,,,,,,,,,,,,,,,,,,,,,,,,,,,,,,,,,,,,,,,,,,,,,,0,,,,2,1,,1.81,,,
No ParallelReductionFactorInPlane,,1,,acquisition-refaced_datatype-anat_suffix-T1w__2,acquisition-refaced_datatype-anat_suffix-T1w,2,1,,0.00351,,,9,,,,,,,,,,,,,,,,,,,,,,,,,,,,,,,,,,,,,,,,,,,,,,,,,,,,,,,,0,,,,,1,,1.81,,,
Different Echo Time,,,acquisition-refacedVariantTe_datatype-anat_suffix-T1w,acquisition-refaced_datatype-anat_suffix-T1w__3,acquisition-refaced_datatype-anat_suffix-T1w,3,1,,0.004,,,9,,,,,,,,,,,,,,,,,,,,,,,,,,,,,,,,,,,,,,,,,,,,,,,,,,,,,,,,0,,,,2,1,,1.85,,,
Dominant Group,,,,acquisition-se_suffix-asl_task-rest__1,acquisition-se_suffix-asl_task-rest,1,1451,,0.029,0.000345003,,90,,,,,,,,,,,,,,,,,,,,,,,,,,,,,,,,,,,,,,,,,,,,,,,,,,,,,,,,20,,,,2,0.875,j-,4,,0.0327753,
Variant TR,,,acquisition-seVariantTr_suffix-asl_task-rest,acquisition-se_suffix-asl_task-rest__2,acquisition-se_suffix-asl_task-rest,2,2,,0.029,0.000345003,,90,,,,,,,,,,,,,,,,,,,,,,,,,,,,,,,,,,,,,,,,,,,,,,,,,,,,,,,,20,,,,2,0.875,j-,4.2,,0.0327753,
Variant TR,,,acquisition-seVariantTr_suffix-asl_task-rest,acquisition-se_suffix-asl_task-rest__3,acquisition-se_suffix-asl_task-rest,3,1,,0.029,0.000345003,,90,,,,,,,,,,,,,,,,,,,,,,,,,,,,,,,,,,,,,,,,,,,,,,,,,,,,,,,,20,,,,2,0.875,j-,5.36,,0.0327753,
Variant TR,,,acquisition-seVariantTr_suffix-asl_task-rest,acquisition-se_suffix-asl_task-rest__4,acquisition-se_suffix-asl_task-rest,4,2,,0.029,0.000345003,,90,,,,,,,,,,,,,,,,,,,,,,,,,,,,,,,,,,,,,,,,,,,,,,,,,,,,,,,,20,,,,2,0.875,j-,4.43,,0.0327753,
Variant TR,,,acquisition-seVariantTr_suffix-asl_task-rest,acquisition-se_suffix-asl_task-rest__5,acquisition-se_suffix-asl_task-rest,5,2,,0.029,0.000345003,,90,,,,,,,,,,,,,,,,,,,,,,,,,,,,,,,,,,,,,,,,,,,,,,,,,,,,,,,,20,,,,2,0.875,j-,4.18,,0.0327753,
Variant TR,,,acquisition-seVariantTr_suffix-asl_task-rest,acquisition-se_suffix-asl_task-rest__6,acquisition-se_suffix-asl_task-rest,6,2,,0.029,0.000345003,,90,,,,,,,,,,,,,,,,,,,,,,,,,,,,,,,,,,,,,,,,,,,,,,,,,,,,,,,,20,,,,2,0.875,j-,4.23,,0.0327753,
Dwell time,,1,,acquisition-se_suffix-asl_task-rest__7,acquisition-se_suffix-asl_task-rest,7,26,2.70E-06,0.029,0.000345003,,90,,,,,,,,,,,,,,,,,,,,,,,,,,,,,,,,,,,,,,,,,,,,,,,,,,,,,,,,20,,,,2,0.875,j-,4,,0.0327753,
Variant TR,,,acquisition-seVariantTr_suffix-asl_task-rest,acquisition-se_suffix-asl_task-rest__8,acquisition-se_suffix-asl_task-rest,8,2,,0.029,0.000345003,,90,,,,,,,,,,,,,,,,,,,,,,,,,,,,,,,,,,,,,,,,,,,,,,,,,,,,,,,,20,,,,2,0.875,j-,4.34,,0.0327753,
Variant TR,,,acquisition-seVariantTr_suffix-asl_task-rest,acquisition-se_suffix-asl_task-rest__9,acquisition-se_suffix-asl_task-rest,9,2,,0.029,0.000345003,,90,,,,,,,,,,,,,,,,,,,,,,,,,,,,,,,,,,,,,,,,,,,,,,,,,,,,,,,,20,,,,2,0.875,j-,4.11,,0.0327753,
Variant TR,,,acquisition-seVariantTr_suffix-asl_task-rest,acquisition-se_suffix-asl_task-rest__10,acquisition-se_suffix-asl_task-rest,10,1,,0.029,0.000345003,,90,,,,,,,,,,,,,,,,,,,,,,,,,,,,,,,,,,,,,,,,,,,,,,,,,,,,,,,,20,,,,2,0.875,j-,4.16,,0.0327753,
Variant TR,,,acquisition-seVariantTr_suffix-asl_task-rest,acquisition-se_suffix-asl_task-rest__11,acquisition-se_suffix-asl_task-rest,11,1,,0.029,0.000345003,,90,,,,,,,,,,,,,,,,,,,,,,,,,,,,,,,,,,,,,,,,,,,,,,,,,,,,,,,,20,,,,2,0.875,j-,5.09,,0.0327753,
Variant TR,,,acquisition-seVariantTr_suffix-asl_task-rest,acquisition-se_suffix-asl_task-rest__12,acquisition-se_suffix-asl_task-rest,12,1,,0.029,0.000345003,,90,,,,,,,,,,,,,,,,,,,,,,,,,,,,,,,,,,,,,,,,,,,,,,,,,,,,,,,,20,,,,2,0.875,j-,5.06,,0.0327753,
Variant TR,,,acquisition-seVariantTr_suffix-asl_task-rest,acquisition-se_suffix-asl_task-rest__13,acquisition-se_suffix-asl_task-rest,13,1,,0.029,0.000345003,,90,,,,,,,,,,,,,,,,,,,,,,,,,,,,,,,,,,,,,,,,,,,,,,,,,,,,,,,,20,,,,2,0.875,j-,4.92,,0.0327753,
Variant TR,,,acquisition-seVariantTr_suffix-asl_task-rest,acquisition-se_suffix-asl_task-rest__14,acquisition-se_suffix-asl_task-rest,14,1,,0.029,0.000345003,,90,,,,,,,,,,,,,,,,,,,,,,,,,,,,,,,,,,,,,,,,,,,,,,,,,,,,,,,,20,,,,2,0.875,j-,4.84,,0.0327753,
Variant TR,,,acquisition-seVariantTr_suffix-asl_task-rest,acquisition-se_suffix-asl_task-rest__15,acquisition-se_suffix-asl_task-rest,15,1,,0.029,0.000345003,,90,,,,,,,,,,,,,,,,,,,,,,,,,,,,,,,,,,,,,,,,,,,,,,,,,,,,,,,,20,,,,2,0.875,j-,4.8,,0.0327753,
Variant TR,,,acquisition-seVariantTr_suffix-asl_task-rest,acquisition-se_suffix-asl_task-rest__16,acquisition-se_suffix-asl_task-rest,16,1,,0.029,0.000345003,,90,,,,,,,,,,,,,,,,,,,,,,,,,,,,,,,,,,,,,,,,,,,,,,,,,,,,,,,,20,,,,2,0.875,j-,4.95,,0.0327753,
Variant TR,,,acquisition-seVariantTr_suffix-asl_task-rest,acquisition-se_suffix-asl_task-rest__17,acquisition-se_suffix-asl_task-rest,17,1,,0.029,0.000345003,,90,,,,,,,,,,,,,,,,,,,,,,,,,,,,,,,,,,,,,,,,,,,,,,,,,,,,,,,,20,,,,2,0.875,j-,5.24,,0.0327753,
Variant TR,,,acquisition-seVariantTr_suffix-asl_task-rest,acquisition-se_suffix-asl_task-rest__18,acquisition-se_suffix-asl_task-rest,18,2,,0.029,0.000345003,,90,,,,,,,,,,,,,,,,,,,,,,,,,,,,,,,,,,,,,,,,,,,,,,,,,,,,,,,,20,,,,2,0.875,j-,4.41,,0.0327753,
Variant TR,,,acquisition-seVariantTr_suffix-asl_task-rest,acquisition-se_suffix-asl_task-rest__19,acquisition-se_suffix-asl_task-rest,19,2,,0.029,0.000345003,,90,,,,,,,,,,,,,,,,,,,,,,,,,,,,,,,,,,,,,,,,,,,,,,,,,,,,,,,,20,,,,2,0.875,j-,5.27,,0.0327753,
Variant TR,,,acquisition-seVariantTr_suffix-asl_task-rest,acquisition-se_suffix-asl_task-rest__20,acquisition-se_suffix-asl_task-rest,20,2,,0.029,0.000345003,,90,,,,,,,,,,,,,,,,,,,,,,,,,,,,,,,,,,,,,,,,,,,,,,,,,,,,,,,,20,,,,2,0.875,j-,4.19,,0.0327753,
One slice missing,,,acquisition-seVariantSlices_suffix-asl_task-rest,acquisition-se_suffix-asl_task-rest__21,acquisition-se_suffix-asl_task-rest,21,1,,0.029,0.000345003,,90,,,,,,,,,,,,,,,,,,,,,,,,,,,,,,,,,,,,,,,,,,,,,,,,,,,,,,,,19,,,,2,0.875,j-,4,,0.0327753,
Variant TR,,,acquisition-seVariantTr_suffix-asl_task-rest,acquisition-se_suffix-asl_task-rest__22,acquisition-se_suffix-asl_task-rest,22,1,,0.029,0.000345003,,90,,,,,,,,,,,,,,,,,,,,,,,,,,,,,,,,,,,,,,,,,,,,,,,,,,,,,,,,20,,,,2,0.875,j-,4.29,,0.0327753,
Variant TR,,,acquisition-seVariantTr_suffix-asl_task-rest,acquisition-se_suffix-asl_task-rest__23,acquisition-se_suffix-asl_task-rest,23,1,,0.029,0.000345003,,90,,,,,,,,,,,,,,,,,,,,,,,,,,,,,,,,,,,,,,,,,,,,,,,,,,,,,,,,20,,,,2,0.875,j-,4.31,,0.0327753,
Variant TR,,,acquisition-seVariantTr_suffix-asl_task-rest,acquisition-se_suffix-asl_task-rest__24,acquisition-se_suffix-asl_task-rest,24,1,,0.029,0.000345003,,90,,,,,,,,,,,,,,,,,,,,,,,,,,,,,,,,,,,,,,,,,,,,,,,,,,,,,,,,20,,,,2,0.875,j-,4.37,,0.0327753,
Variant TR,,,acquisition-seVariantTr_suffix-asl_task-rest,acquisition-se_suffix-asl_task-rest__25,acquisition-se_suffix-asl_task-rest,25,2,,0.029,0.000345003,,90,,,,,,,,,,,,,,,,,,,,,,,,,,,,,,,,,,,,,,,,,,,,,,,,,,,,,,,,20,,,,2,0.875,j-,4.38,,0.0327753,
Variant TR,,,acquisition-seVariantTr_suffix-asl_task-rest,acquisition-se_suffix-asl_task-rest__26,acquisition-se_suffix-asl_task-rest,26,1,,0.029,0.000345003,,90,,,,,,,,,,,,,,,,,,,,,,,,,,,,,,,,,,,,,,,,,,,,,,,,,,,,,,,,20,,,,2,0.875,j-,4.93,,0.0327753,
Variant TR,,,acquisition-seVariantTr_suffix-asl_task-rest,acquisition-se_suffix-asl_task-rest__27,acquisition-se_suffix-asl_task-rest,27,1,,0.029,0.000345003,,90,,,,,,,,,,,,,,,,,,,,,,,,,,,,,,,,,,,,,,,,,,,,,,,,,,,,,,,,20,,,,2,0.875,j-,5.84,,0.0327753,
Variant TR,,,acquisition-seVariantTr_suffix-asl_task-rest,acquisition-se_suffix-asl_task-rest__28,acquisition-se_suffix-asl_task-rest,28,1,,0.029,0.000345003,,90,,,,,,,,,,,,,,,,,,,,,,,,,,,,,,,,,,,,,,,,,,,,,,,,,,,,,,,,20,,,,2,0.875,j-,4.1,,0.0327753,
Variant TR,,,acquisition-seVariantTr_suffix-asl_task-rest,acquisition-se_suffix-asl_task-rest__29,acquisition-se_suffix-asl_task-rest,29,2,,0.029,0.000345003,,90,,,,,,,,,,,,,,,,,,,,,,,,,,,,,,,,,,,,,,,,,,,,,,,,,,,,,,,,20,,,,2,0.875,j-,4.53,,0.0327753,
Variant TR,,,acquisition-seVariantTr_suffix-asl_task-rest,acquisition-se_suffix-asl_task-rest__30,acquisition-se_suffix-asl_task-rest,30,1,,0.029,0.000345003,,90,,,,,,,,,,,,,,,,,,,,,,,,,,,,,,,,,,,,,,,,,,,,,,,,,,,,,,,,20,,,,2,0.875,j-,4.77,,0.0327753,
Variant TR,,,acquisition-seVariantTr_suffix-asl_task-rest,acquisition-se_suffix-asl_task-rest__31,acquisition-se_suffix-asl_task-rest,31,1,,0.029,0.000345003,,90,,,,,,,,,,,,,,,,,,,,,,,,,,,,,,,,,,,,,,,,,,,,,,,,,,,,,,,,20,,,,2,0.875,j-,4.3,,0.0327753,
Variant TR,,,acquisition-seVariantTr_suffix-asl_task-rest,acquisition-se_suffix-asl_task-rest__32,acquisition-se_suffix-asl_task-rest,32,2,,0.029,0.000345003,,90,,,,,,,,,,,,,,,,,,,,,,,,,,,,,,,,,,,,,,,,,,,,,,,,,,,,,,,,20,,,,2,0.875,j-,4.87,,0.0327753,
Variant TR,,,acquisition-seVariantTr_suffix-asl_task-rest,acquisition-se_suffix-asl_task-rest__33,acquisition-se_suffix-asl_task-rest,33,1,2.70E-06,0.029,0.000345003,,90,,,,,,,,,,,,,,,,,,,,,,,,,,,,,,,,,,,,,,,,,,,,,,,,,,,,,,,,20,,,,2,0.875,j-,4.87,,0.0327753,
Variant TR,,,acquisition-seVariantTr_suffix-asl_task-rest,acquisition-se_suffix-asl_task-rest__34,acquisition-se_suffix-asl_task-rest,34,1,,0.029,0.000345003,,90,,,,,,,,,,,,,,,,,,,,,,,,,,,,,,,,,,,,,,,,,,,,,,,,,,,,,,,,20,,,,2,0.875,j-,5.28,,0.0327753,
Variant TR,,,acquisition-seVariantTr_suffix-asl_task-rest,acquisition-se_suffix-asl_task-rest__35,acquisition-se_suffix-asl_task-rest,35,1,,0.029,0.000345003,,90,,,,,,,,,,,,,,,,,,,,,,,,,,,,,,,,,,,,,,,,,,,,,,,,,,,,,,,,20,,,,2,0.875,j-,4.88,,0.0327753,
Variant TR,,,acquisition-seVariantTr_suffix-asl_task-rest,acquisition-se_suffix-asl_task-rest__36,acquisition-se_suffix-asl_task-rest,36,1,,0.029,0.000345003,,90,,,,,,,,,,,,,,,,,,,,,,,,,,,,,,,,,,,,,,,,,,,,,,,,,,,,,,,,20,,,,2,0.875,j-,4.15,,0.0327753,
Variant TR,,,acquisition-seVariantTr_suffix-asl_task-rest,acquisition-se_suffix-asl_task-rest__37,acquisition-se_suffix-asl_task-rest,37,1,,0.047,0.000579993,,90,,,,,,,,,,,,,,,,,,,,,,,,,,,,,,,,,,,,,,,,,,,,,,,,,,,,,,,,20,,,,,0.875,j-,4.52,,0.0550993,
Variant TR,,,acquisition-seVariantTr_suffix-asl_task-rest,acquisition-se_suffix-asl_task-rest__38,acquisition-se_suffix-asl_task-rest,38,1,,0.029,0.000345003,,90,,,,,,,,,,,,,,,,,,,,,,,,,,,,,,,,,,,,,,,,,,,,,,,,,,,,,,,,20,,,,2,0.875,j-,4.02,,0.0327753,
Variant TR,,,acquisition-seVariantTr_suffix-asl_task-rest,acquisition-se_suffix-asl_task-rest__39,acquisition-se_suffix-asl_task-rest,39,1,,0.029,0.000345003,,90,,,,,,,,,,,,,,,,,,,,,,,,,,,,,,,,,,,,,,,,,,,,,,,,,,,,,,,,20,,,,2,0.875,j-,5.1,,0.0327753,
Variant TR,,,acquisition-seVariantTr_suffix-asl_task-rest,acquisition-se_suffix-asl_task-rest__40,acquisition-se_suffix-asl_task-rest,40,1,,0.029,0.000345003,,90,,,,,,,,,,,,,,,,,,,,,,,,,,,,,,,,,,,,,,,,,,,,,,,,,,,,,,,,20,,,,2,0.875,j-,4.51,,0.0327753,
Variant TR,,,acquisition-seVariantTr_suffix-asl_task-rest,acquisition-se_suffix-asl_task-rest__41,acquisition-se_suffix-asl_task-rest,41,1,,0.029,0.000345003,,90,,,,,,,,,,,,,,,,,,,,,,,,,,,,,,,,,,,,,,,,,,,,,,,,,,,,,,,,20,,,,2,0.875,j-,4.24,,0.0327753,
Variant TR,,,acquisition-seVariantTr_suffix-asl_task-rest,acquisition-se_suffix-asl_task-rest__42,acquisition-se_suffix-asl_task-rest,42,1,,0.029,0.000345003,,90,,,,,,,,,,,,,,,,,,,,,,,,,,,,,,,,,,,,,,,,,,,,,,,,,,,,,,,,20,,,,2,0.875,j-,4.01,,0.0327753,
Variant TR,,,acquisition-seVariantTr_suffix-asl_task-rest,acquisition-se_suffix-asl_task-rest__43,acquisition-se_suffix-asl_task-rest,43,1,,0.033,0.000399995,,90,,,,,,,,,,,,,,,,,,,,,,,,,,,,,,,,,,,,,,,,,,,,,,,,,,,,,,,,20,,,,2,0.875,j-,4.08,,0.0379995,
Variant TR,,,acquisition-seVariantTr_suffix-asl_task-rest,acquisition-se_suffix-asl_task-rest__44,acquisition-se_suffix-asl_task-rest,44,1,,0.029,0.000345003,,90,,,,,,,,,,,,,,,,,,,,,,,,,,,,,,,,,,,,,,,,,,,,,,,,,,,,,,,,20,,,,2,0.875,j-,5.11,,0.0327753,
Variant TR,,,acquisition-seVariantTr_suffix-asl_task-rest,acquisition-se_suffix-asl_task-rest__45,acquisition-se_suffix-asl_task-rest,45,1,,0.029,0.000345003,,90,,,,,,,,,,,,,,,,,,,,,,,,,,,,,,,,,,,,,,,,,,,,,,,,,,,,,,,,20,,,,2,0.875,j-,5.63,,0.0327753,
Variant TR,,,acquisition-seVariantTr_suffix-asl_task-rest,acquisition-se_suffix-asl_task-rest__46,acquisition-se_suffix-asl_task-rest,46,1,,0.029,0.000345003,,90,,,,,,,,,,,,,,,,,,,,,,,,,,,,,,,,,,,,,,,,,,,,,,,,,,,,,,,,20,,,,2,0.875,j-,4.68,,0.0327753,
Variant TR,,,acquisition-seVariantTr_suffix-asl_task-rest,acquisition-se_suffix-asl_task-rest__47,acquisition-se_suffix-asl_task-rest,47,1,,0.029,0.000345003,,90,,,,,,,,,,,,,,,,,,,,,,,,,,,,,,,,,,,,,,,,,,,,,,,,,,,,,,,,20,,,,2,0.875,j-,4.86,,0.0327753,
Variant TR,,,acquisition-seVariantTr_suffix-asl_task-rest,acquisition-se_suffix-asl_task-rest__48,acquisition-se_suffix-asl_task-rest,48,1,,0.029,0.000345003,,90,,,,,,,,,,,,,,,,,,,,,,,,,,,,,,,,,,,,,,,,,,,,,,,,,,,,,,,,20,,,,2,0.875,j-,5.45,,0.0327753,
Variant TR,,,acquisition-seVariantTr_suffix-asl_task-rest,acquisition-se_suffix-asl_task-rest__49,acquisition-se_suffix-asl_task-rest,49,1,,0.029,0.000345003,,90,,,,,,,,,,,,,,,,,,,,,,,,,,,,,,,,,,,,,,,,,,,,,,,,,,,,,,,,20,,,,2,0.875,j-,5.56,,0.0327753,
Variant TR,,,acquisition-seVariantTr_suffix-asl_task-rest,acquisition-se_suffix-asl_task-rest__50,acquisition-se_suffix-asl_task-rest,50,1,,0.029,0.000345003,,90,,,,,,,,,,,,,,,,,,,,,,,,,,,,,,,,,,,,,,,,,,,,,,,,,,,,,,,,20,,,,2,0.875,j-,4.05,,0.0327753,
Variant TR,,,acquisition-seVariantTr_suffix-asl_task-rest,acquisition-se_suffix-asl_task-rest__51,acquisition-se_suffix-asl_task-rest,51,1,,0.029,0.000345003,,90,,,,,,,,,,,,,,,,,,,,,,,,,,,,,,,,,,,,,,,,,,,,,,,,,,,,,,,,20,,,,2,0.875,j-,5.5,,0.0327753,
Variant TR,,,acquisition-seVariantTr_suffix-asl_task-rest,acquisition-se_suffix-asl_task-rest__52,acquisition-se_suffix-asl_task-rest,52,1,,0.029,0.000345003,,90,,,,,,,,,,,,,,,,,,,,,,,,,,,,,,,,,,,,,,,,,,,,,,,,,,,,,,,,20,,,,2,0.875,j-,4.27,,0.0327753,
Variant TR,,,acquisition-seVariantTr_suffix-asl_task-rest,acquisition-se_suffix-asl_task-rest__53,acquisition-se_suffix-asl_task-rest,53,1,,0.029,0.000345003,,90,,,,,,,,,,,,,,,,,,,,,,,,,,,,,,,,,,,,,,,,,,,,,,,,,,,,,,,,20,,,,2,0.875,j-,4.78,,0.0327753,
Variant TR,,,acquisition-seVariantTr_suffix-asl_task-rest,acquisition-se_suffix-asl_task-rest__54,acquisition-se_suffix-asl_task-rest,54,1,,0.029,0.000345003,,90,,,,,,,,,,,,,,,,,,,,,,,,,,,,,,,,,,,,,,,,,,,,,,,,,,,,,,,,20,,,,2,0.875,j-,4.72,,0.0327753,
Variant TR,,,acquisition-seVariantTr_suffix-asl_task-rest,acquisition-se_suffix-asl_task-rest__55,acquisition-se_suffix-asl_task-rest,55,1,2.70E-06,0.029,0.000345003,,90,,,,,,,,,,,,,,,,,,,,,,,,,,,,,,,,,,,,,,,,,,,,,,,,,,,,,,,,20,,,,2,0.875,j-,4.99,,0.0327753,
Variant TR,,,acquisition-seVariantTr_suffix-asl_task-rest,acquisition-se_suffix-asl_task-rest__56,acquisition-se_suffix-asl_task-rest,56,1,,0.029,0.000345003,,90,,,,,,,,,,,,,,,,,,,,,,,,,,,,,,,,,,,,,,,,,,,,,,,,,,,,,,,,20,,,,2,0.875,j-,4.66,,0.0327753,
Variant TR,,,acquisition-seVariantTr_suffix-asl_task-rest,acquisition-se_suffix-asl_task-rest__57,acquisition-se_suffix-asl_task-rest,57,2,,0.029,0.000345003,,90,,,,,,,,,,,,,,,,,,,,,,,,,,,,,,,,,,,,,,,,,,,,,,,,,,,,,,,,20,,,,2,0.875,j-,4.5,,0.0327753,
Variant TR,,,acquisition-seVariantTr_suffix-asl_task-rest,acquisition-se_suffix-asl_task-rest__58,acquisition-se_suffix-asl_task-rest,58,1,,0.029,0.000345003,,90,,,,,,,,,,,,,,,,,,,,,,,,,,,,,,,,,,,,,,,,,,,,,,,,,,,,,,,,20,,,,2,0.875,j-,4.49,,0.0327753,
Variant TR,,,acquisition-seVariantTr_suffix-asl_task-rest,acquisition-se_suffix-asl_task-rest__59,acquisition-se_suffix-asl_task-rest,59,2,,0.029,0.000345003,,90,,,,,,,,,,,,,,,,,,,,,,,,,,,,,,,,,,,,,,,,,,,,,,,,,,,,,,,,20,,,,2,0.875,j-,4.76,,0.0327753,
Variant TR,,,acquisition-seVariantTr_suffix-asl_task-rest,acquisition-se_suffix-asl_task-rest__60,acquisition-se_suffix-asl_task-rest,60,1,,0.029,0.000345003,,90,,,,,,,,,,,,,,,,,,,,,,,,,,,,,,,,,,,,,,,,,,,,,,,,,,,,,,,,20,,,,2,0.875,j-,5.16,,0.0327753,
Variant TR,,,acquisition-seVariantTr_suffix-asl_task-rest,acquisition-se_suffix-asl_task-rest__61,acquisition-se_suffix-asl_task-rest,61,1,,0.029,0.000345003,,90,,,,,,,,,,,,,,,,,,,,,,,,,,,,,,,,,,,,,,,,,,,,,,,,,,,,,,,,20,,,,2,0.875,j-,4.14,,0.0327753,
Dominant Group,,,,acquisition-singleband_datatype-func_suffix-bold_task-rest__1,acquisition-singleband_datatype-func_suffix-bold_task-rest,1,1401,,0.032,0.000550002,datatype-fmap_fmap-phase1_suffix-phase1,90,,,,,,,,,,,,,,,,,,,,,,,,,,,,,,,,,,,,,,,,,,,,,,,,,,,,,,,,46,,,,,1,j-,3,,0.0346501,
No fMap,,,acquisition-singlebandNoFmap_datatype-func_suffix-bold_task-rest,acquisition-singleband_datatype-func_suffix-bold_task-rest__2,acquisition-singleband_datatype-func_suffix-bold_task-rest,2,22,,0.032,0.000550002,,90,,,,,,,,,,,,,,,,,,,,,,,,,,,,,,,,,,,,,,,,,,,,,,,,,,,,,,,,46,,,,,1,j-,3,,0.0346501,
Dominant Group,,,,datatype-dwi_run-1_suffix-dwi__1,datatype-dwi_run-1_suffix-dwi,1,1382,,0.082,0.000266666,datatype-fmap_fmap-phase1_suffix-phase1,90,,,,,,,,,,,,,,,,,,,,,,,,,,,,,,,,,,,,,,,,,,,,,,,,,,,,,,,,70,,,,3,0.75,j-,8.1,,0.0338665,
Variant TR,,,acquisition-VariantTr_datatype-dwi_run-1_suffix-dwi,datatype-dwi_run-1_suffix-dwi__2,datatype-dwi_run-1_suffix-dwi,2,1,,0.082,0.000266666,,90,,,,,,,,,,,,,,,,,,,,,,,,,,,,,,,,,,,,,,,,,,,,,,,,,,,,,,,,70,,,,3,0.75,j-,8.4,,0.0338665,
No fMap,,,acquisition-NoFmap_datatype-dwi_run-1_suffix-dwi,datatype-dwi_run-1_suffix-dwi__3,datatype-dwi_run-1_suffix-dwi,3,34,,0.082,0.000266666,,90,,,,,,,,,,,,,,,,,,,,,,,,,,,,,,,,,,,,,,,,,,,,,,,,,,,,,,,,70,,,,3,0.75,j-,8.1,,0.0338665,
Variant TR,,,acquisition-VariantTr_datatype-dwi_run-1_suffix-dwi,datatype-dwi_run-1_suffix-dwi__4,datatype-dwi_run-1_suffix-dwi,4,1,,0.082,0.000266666,,90,,,,,,,,,,,,,,,,,,,,,,,,,,,,,,,,,,,,,,,,,,,,,,,,,,,,,,,,70,,,,3,0.75,j-,9,,0.0338665,
Variant TR,,,acquisition-VariantTr_datatype-dwi_run-1_suffix-dwi,datatype-dwi_run-1_suffix-dwi__5,datatype-dwi_run-1_suffix-dwi,5,4,,0.082,0.000266666,,90,,,,,,,,,,,,,,,,,,,,,,,,,,,,,,,,,,,,,,,,,,,,,,,,,,,,,,,,70,,,,3,0.75,j-,8.5,,0.0338665,
Variant TR,,,acquisition-VariantTr_datatype-dwi_run-1_suffix-dwi,datatype-dwi_run-1_suffix-dwi__6,datatype-dwi_run-1_suffix-dwi,6,1,,0.082,0.000266666,,90,,,,,,,,,,,,,,,,,,,,,,,,,,,,,,,,,,,,,,,,,,,,,,,,,,,,,,,,70,,,,3,0.75,j-,8.3,,0.0338665,
Variant TR,,,acquisition-VariantTr_datatype-dwi_run-1_suffix-dwi,datatype-dwi_run-1_suffix-dwi__7,datatype-dwi_run-1_suffix-dwi,7,3,,0.082,0.000266666,,90,,,,,,,,,,,,,,,,,,,,,,,,,,,,,,,,,,,,,,,,,,,,,,,,,,,,,,,,70,,,,3,0.75,j-,8.8,,0.0338665,
Variant TR,,,acquisition-VariantTr_datatype-dwi_run-1_suffix-dwi,datatype-dwi_run-1_suffix-dwi__8,datatype-dwi_run-1_suffix-dwi,8,2,,0.082,0.000266666,,90,,,,,,,,,,,,,,,,,,,,,,,,,,,,,,,,,,,,,,,,,,,,,,,,,,,,,,,,70,,,,3,0.75,j-,8.2,,0.0338665,
Variant TR,,,acquisition-VariantTr_datatype-dwi_run-1_suffix-dwi,datatype-dwi_run-1_suffix-dwi__9,datatype-dwi_run-1_suffix-dwi,9,1,,0.082,0.000266666,,90,,,,,,,,,,,,,,,,,,,,,,,,,,,,,,,,,,,,,,,,,,,,,,,,,,,,,,,,70,,,,3,0.75,j-,9.8,,0.0338665,
Slices missing,,0,,datatype-dwi_run-1_suffix-dwi__10,datatype-dwi_run-1_suffix-dwi,10,2,,0.082,0.000266666,datatype-fmap_fmap-phase1_suffix-phase1,90,,,,,,,,,,,,,,,,,,,,,,,,,,,,,,,,,,,,,,,,,,,,,,,,,,,,,,,,46,,,,3,0.75,j-,8.1,,0.0338665,
Variant TR,,,acquisition-VariantTr_datatype-dwi_run-1_suffix-dwi,datatype-dwi_run-1_suffix-dwi__11,datatype-dwi_run-1_suffix-dwi,11,1,,0.102,0.000799969,,90,,,,,,,,,,,,,,,,,,,,,,,,,,,,,,,,,,,,,,,,,,,,,,,,,,,,,,,,70,,,,,0.75,j-,12.3,,0.101596,
Variant TR,,,acquisition-VariantTr_datatype-dwi_run-1_suffix-dwi,datatype-dwi_run-1_suffix-dwi__12,datatype-dwi_run-1_suffix-dwi,12,1,,0.082,0.000266666,,90,,,,,,,,,,,,,,,,,,,,,,,,,,,,,,,,,,,,,,,,,,,,,,,,,,,,,,,,70,,,,3,0.75,j-,9.4,,0.0338665,
Variant TR,,,acquisition-VariantTr_datatype-dwi_run-1_suffix-dwi,datatype-dwi_run-1_suffix-dwi__13,datatype-dwi_run-1_suffix-dwi,13,1,,0.082,0.000266666,,90,,,,,,,,,,,,,,,,,,,,,,,,,,,,,,,,,,,,,,,,,,,,,,,,,,,,,,,,70,,,,3,0.75,j-,9.1,,0.0338665,
Variant TR,,,acquisition-VariantTr_datatype-dwi_run-1_suffix-dwi,datatype-dwi_run-1_suffix-dwi__14,datatype-dwi_run-1_suffix-dwi,14,1,,0.082,0.000266666,,90,,,,,,,,,,,,,,,,,,,,,,,,,,,,,,,,,,,,,,,,,,,,,,,,,,,,,,,,70,,,,3,0.75,j-,9.3,,0.0338665,
Variant TR,,,acquisition-VariantTr_datatype-dwi_run-1_suffix-dwi,datatype-dwi_run-1_suffix-dwi__15,datatype-dwi_run-1_suffix-dwi,15,1,,0.082,0.000266666,,90,,,,,,,,,,,,,,,,,,,,,,,,,,,,,,,,,,,,,,,,,,,,,,,,,,,,,,,,70,,,,3,0.75,j-,9.2,,0.0338665,
Variant TR,,,acquisition-VariantTr_datatype-dwi_run-1_suffix-dwi,datatype-dwi_run-1_suffix-dwi__16,datatype-dwi_run-1_suffix-dwi,16,1,1.80E-06,0.082,0.000266666,,90,,,,,,,,,,,,,,,,,,,,,,,,,,,,,,,,,,,,,,,,,,,,,,,,,,,,,,,,70,,,,3,0.75,j-,8.3,,0.0338665,
Variant TR,,,acquisition-VariantTr_datatype-dwi_run-1_suffix-dwi,datatype-dwi_run-1_suffix-dwi__17,datatype-dwi_run-1_suffix-dwi,17,1,,0.082,0.000266666,,90,,,,,,,,,,,,,,,,,,,,,,,,,,,,,,,,,,,,,,,,,,,,,,,,,,,,,,,,70,,,,3,0.75,j-,8.6,,0.0338665,
Dominant Group,,,,datatype-dwi_run-2_suffix-dwi__1,datatype-dwi_run-2_suffix-dwi,1,1371,,0.082,0.000266666,datatype-fmap_fmap-phase1_suffix-phase1,90,,,,,,,,,,,,,,,,,,,,,,,,,,,,,,,,,,,,,,,,,,,,,,,,,,,,,,,,70,,,,3,0.75,j-,8.1,,0.0338665,
No fMap,,,acquisition-NoFmap_datatype-dwi_run-2_suffix-dwi,datatype-dwi_run-2_suffix-dwi__2,datatype-dwi_run-2_suffix-dwi,2,28,,0.082,0.000266666,,90,,,,,,,,,,,,,,,,,,,,,,,,,,,,,,,,,,,,,,,,,,,,,,,,,,,,,,,,70,,,,3,0.75,j-,8.1,,0.0338665,
Slices missing,,0,,datatype-dwi_run-2_suffix-dwi__3,datatype-dwi_run-2_suffix-dwi,3,2,,0.082,0.000266666,datatype-fmap_fmap-phase1_suffix-phase1,90,,,,,,,,,,,,,,,,,,,,,,,,,,,,,,,,,,,,,,,,,,,,,,,,,,,,,,,,46,,,,3,0.75,j-,8.1,,0.0338665,
Dwell Time,,1,,datatype-dwi_run-2_suffix-dwi__4,datatype-dwi_run-2_suffix-dwi,4,1,1.80E-06,0.082,0.000266666,,90,,,,,,,,,,,,,,,,,,,,,,,,,,,,,,,,,,,,,,,,,,,,,,,,,,,,,,,,70,,,,3,0.75,j-,8.1,,0.0338665,
,,,,datatype-fmap_fmap-magnitude1_suffix-magnitude1__1,datatype-fmap_fmap-magnitude1_suffix-magnitude1,1,1054,,0.00269,,,60,acquisition-se_suffix-asl,acquisition-singleband_datatype-func_suffix-bold_task-rest,datatype-dwi_run-1_suffix-dwi,datatype-dwi_run-2_suffix-dwi,datatype-func_suffix-bold_task-frac2back,datatype-func_suffix-bold_task-idemo,,,,,,,,,,,,,,,,,,,,,,,,,,,,,,,,,,,,,,,,,,,,,,,,,,0,,,,,1,j-,1,,,
,,,,datatype-fmap_fmap-magnitude1_suffix-magnitude1__2,datatype-fmap_fmap-magnitude1_suffix-magnitude1,2,31,,0.00269,,,60,acquisition-se_suffix-asl,datatype-func_suffix-bold_task-frac2back,datatype-func_suffix-bold_task-idemo,,,,,,,,,,,,,,,,,,,,,,,,,,,,,,,,,,,,,,,,,,,,,,,,,,,,,0,,,,,1,j-,1,,,
,,,,datatype-fmap_fmap-magnitude1_suffix-magnitude1__3,datatype-fmap_fmap-magnitude1_suffix-magnitude1,3,17,,0.00269,,,60,acquisition-singleband_datatype-func_suffix-bold_task-rest,datatype-dwi_run-1_suffix-dwi,datatype-dwi_run-2_suffix-dwi,datatype-func_suffix-bold_task-frac2back,datatype-func_suffix-bold_task-idemo,,,,,,,,,,,,,,,,,,,,,,,,,,,,,,,,,,,,,,,,,,,,,,,,,,,0,,,,,1,j-,1,,,
,,,,datatype-fmap_fmap-magnitude1_suffix-magnitude1__4,datatype-fmap_fmap-magnitude1_suffix-magnitude1,4,5,,0.00269,,,60,acquisition-se_suffix-asl,datatype-dwi_run-1_suffix-dwi,datatype-dwi_run-2_suffix-dwi,,,,,,,,,,,,,,,,,,,,,,,,,,,,,,,,,,,,,,,,,,,,,,,,,,,,,0,,,,,1,j-,1,,,
,,,,datatype-fmap_fmap-magnitude1_suffix-magnitude1__5,datatype-fmap_fmap-magnitude1_suffix-magnitude1,5,26,,0.00269,,,60,acquisition-se_suffix-asl,acquisition-singleband_datatype-func_suffix-bold_task-rest,datatype-dwi_run-1_suffix-dwi,datatype-dwi_run-2_suffix-dwi,datatype-func_suffix-bold_task-frac2back,datatype-func_suffix-bold_task-idemo,suffix-m0scan,,,,,,,,,,,,,,,,,,,,,,,,,,,,,,,,,,,,,,,,,,,,,,,,,0,,,,,1,j-,1,,,
,,,,datatype-fmap_fmap-magnitude1_suffix-magnitude1__6,datatype-fmap_fmap-magnitude1_suffix-magnitude1,6,170,,0.00269,,,60,acquisition-gre_suffix-asl,acquisition-se_suffix-asl,acquisition-singleband_datatype-func_suffix-bold_task-rest,datatype-dwi_run-1_suffix-dwi,datatype-dwi_run-2_suffix-dwi,datatype-func_suffix-bold_task-frac2back,datatype-func_suffix-bold_task-idemo,suffix-m0scan,,,,,,,,,,,,,,,,,,,,,,,,,,,,,,,,,,,,,,,,,,,,,,,,0,,,,,1,j-,1,,,
,,,,datatype-fmap_fmap-magnitude1_suffix-magnitude1__7,datatype-fmap_fmap-magnitude1_suffix-magnitude1,7,1,,0.00269,,,60,acquisition-se_suffix-asl,acquisition-singleband_datatype-func_suffix-bold_task-rest,datatype-func_suffix-bold_task-frac2back,,,,,,,,,,,,,,,,,,,,,,,,,,,,,,,,,,,,,,,,,,,,,,,,,,,,,0,,,,,1,j-,1,,,
,,,,datatype-fmap_fmap-magnitude1_suffix-magnitude1__8,datatype-fmap_fmap-magnitude1_suffix-magnitude1,8,14,,0.00269,,,60,acquisition-se_suffix-asl,datatype-func_suffix-bold_task-idemo,,,,,,,,,,,,,,,,,,,,,,,,,,,,,,,,,,,,,,,,,,,,,,,,,,,,,,0,,,,,1,j-,1,,,
,,,,datatype-fmap_fmap-magnitude1_suffix-magnitude1__9,datatype-fmap_fmap-magnitude1_suffix-magnitude1,9,63,,0.00269,,,60,acquisition-100_datatype-func_suffix-bold_task-rest,acquisition-se_suffix-asl,acquisition-singleband_datatype-func_suffix-bold_task-rest,datatype-dwi_run-1_suffix-dwi,datatype-dwi_run-2_suffix-dwi,datatype-func_suffix-bold_task-frac2back,datatype-func_suffix-bold_task-idemo,,,,,,,,,,,,,,,,,,,,,,,,,,,,,,,,,,,,,,,,,,,,,,,,,0,,,,,1,j-,1,,,
,,,,datatype-fmap_fmap-magnitude1_suffix-magnitude1__10,datatype-fmap_fmap-magnitude1_suffix-magnitude1,10,15,1.56E-05,0.00269,,,60,acquisition-se_suffix-asl,acquisition-singleband_datatype-func_suffix-bold_task-rest,datatype-dwi_run-1_suffix-dwi,datatype-dwi_run-2_suffix-dwi,datatype-func_suffix-bold_task-frac2back,datatype-func_suffix-bold_task-idemo,,,,,,,,,,,,,,,,,,,,,,,,,,,,,,,,,,,,,,,,,,,,,,,,,,0,,,,,1,j-,1,,,
,,,,datatype-fmap_fmap-magnitude1_suffix-magnitude1__11,datatype-fmap_fmap-magnitude1_suffix-magnitude1,11,14,,0.00269,,,60,acquisition-se_suffix-asl,datatype-dwi_run-1_suffix-dwi,datatype-dwi_run-2_suffix-dwi,datatype-func_suffix-bold_task-frac2back,datatype-func_suffix-bold_task-idemo,,,,,,,,,,,,,,,,,,,,,,,,,,,,,,,,,,,,,,,,,,,,,,,,,,,0,,,,,1,j-,1,,,
,,,,datatype-fmap_fmap-magnitude1_suffix-magnitude1__12,datatype-fmap_fmap-magnitude1_suffix-magnitude1,12,1,,0.00269,,,60,acquisition-se_suffix-asl,datatype-dwi_run-1_suffix-dwi,datatype-func_suffix-bold_task-frac2back,datatype-func_suffix-bold_task-idemo,,,,,,,,,,,,,,,,,,,,,,,,,,,,,,,,,,,,,,,,,,,,,,,,,,,,0,,,,,1,j-,1,,,
,,,,datatype-fmap_fmap-magnitude1_suffix-magnitude1__13,datatype-fmap_fmap-magnitude1_suffix-magnitude1,13,16,,0.00269,,,60,acquisition-se_suffix-asl,acquisition-singleband_datatype-func_suffix-bold_task-rest,datatype-func_suffix-bold_task-frac2back,datatype-func_suffix-bold_task-idemo,,,,,,,,,,,,,,,,,,,,,,,,,,,,,,,,,,,,,,,,,,,,,,,,,,,,0,,,,,1,j-,1,,,
,,,,datatype-fmap_fmap-magnitude1_suffix-magnitude1__14,datatype-fmap_fmap-magnitude1_suffix-magnitude1,14,4,,0.00269,,,60,acquisition-se_suffix-asl,datatype-dwi_run-1_suffix-dwi,datatype-dwi_run-2_suffix-dwi,datatype-func_suffix-bold_task-frac2back,,,,,,,,,,,,,,,,,,,,,,,,,,,,,,,,,,,,,,,,,,,,,,,,,,,,0,,,,,1,j-,1,,,
,,,,datatype-fmap_fmap-magnitude1_suffix-magnitude1__15,datatype-fmap_fmap-magnitude1_suffix-magnitude1,15,2,1.56E-05,0.00269,,,60,acquisition-se_suffix-asl,acquisition-singleband_datatype-func_suffix-bold_task-rest,datatype-func_suffix-bold_task-frac2back,datatype-func_suffix-bold_task-idemo,,,,,,,,,,,,,,,,,,,,,,,,,,,,,,,,,,,,,,,,,,,,,,,,,,,,0,,,,,1,j-,1,,,
,,,,datatype-fmap_fmap-magnitude1_suffix-magnitude1__16,datatype-fmap_fmap-magnitude1_suffix-magnitude1,16,5,,0.00269,,,60,acquisition-gre_suffix-asl,acquisition-se_suffix-asl,datatype-func_suffix-bold_task-frac2back,datatype-func_suffix-bold_task-idemo,suffix-m0scan,,,,,,,,,,,,,,,,,,,,,,,,,,,,,,,,,,,,,,,,,,,,,,,,,,,0,,,,,1,j-,1,,,
,,,,datatype-fmap_fmap-magnitude1_suffix-magnitude1__17,datatype-fmap_fmap-magnitude1_suffix-magnitude1,17,4,,0.00269,,,60,acquisition-se_suffix-asl,acquisition-singleband_datatype-func_suffix-bold_task-rest,datatype-func_suffix-bold_task-frac2back,datatype-func_suffix-bold_task-idemo,suffix-m0scan,,,,,,,,,,,,,,,,,,,,,,,,,,,,,,,,,,,,,,,,,,,,,,,,,,,0,,,,,1,j-,1,,,
,,,,datatype-fmap_fmap-magnitude1_suffix-magnitude1__18,datatype-fmap_fmap-magnitude1_suffix-magnitude1,18,2,,0.00269,,,60,acquisition-gre_suffix-asl,acquisition-se_suffix-asl,datatype-func_suffix-bold_task-frac2back,suffix-m0scan,,,,,,,,,,,,,,,,,,,,,,,,,,,,,,,,,,,,,,,,,,,,,,,,,,,,0,,,,,1,j-,1,,,
,,,,datatype-fmap_fmap-magnitude1_suffix-magnitude1__19,datatype-fmap_fmap-magnitude1_suffix-magnitude1,19,12,,0.00269,,,60,acquisition-se_suffix-asl,datatype-func_suffix-bold_task-frac2back,,,,,,,,,,,,,,,,,,,,,,,,,,,,,,,,,,,,,,,,,,,,,,,,,,,,,,0,,,,,1,j-,1,,,
,,,,datatype-fmap_fmap-magnitude1_suffix-magnitude1__20,datatype-fmap_fmap-magnitude1_suffix-magnitude1,20,1,,0.00269,,,60,datatype-dwi_run-1_suffix-dwi,datatype-dwi_run-2_suffix-dwi,datatype-func_suffix-bold_task-frac2back,datatype-func_suffix-bold_task-idemo,,,,,,,,,,,,,,,,,,,,,,,,,,,,,,,,,,,,,,,,,,,,,,,,,,,,0,,,,,1,j-,1,,,
,,,,datatype-fmap_fmap-magnitude1_suffix-magnitude1__21,datatype-fmap_fmap-magnitude1_suffix-magnitude1,21,10,,0.00269,,,60,datatype-func_suffix-bold_task-frac2back,datatype-func_suffix-bold_task-idemo,,,,,,,,,,,,,,,,,,,,,,,,,,,,,,,,,,,,,,,,,,,,,,,,,,,,,,0,,,,,1,j-,1,,,
,,,,datatype-fmap_fmap-magnitude1_suffix-magnitude1__22,datatype-fmap_fmap-magnitude1_suffix-magnitude1,22,2,,0.00269,,,60,acquisition-singleband_datatype-func_suffix-bold_task-rest,datatype-func_suffix-bold_task-frac2back,datatype-func_suffix-bold_task-idemo,,,,,,,,,,,,,,,,,,,,,,,,,,,,,,,,,,,,,,,,,,,,,,,,,,,,,0,,,,,1,j-,1,,,
,,,,datatype-fmap_fmap-magnitude1_suffix-magnitude1__23,datatype-fmap_fmap-magnitude1_suffix-magnitude1,23,7,,0.00269,,,60,acquisition-se_suffix-asl,acquisition-singleband_datatype-func_suffix-bold_task-rest,datatype-dwi_run-1_suffix-dwi,datatype-func_suffix-bold_task-frac2back,datatype-func_suffix-bold_task-idemo,,,,,,,,,,,,,,,,,,,,,,,,,,,,,,,,,,,,,,,,,,,,,,,,,,,0,,,,,1,j-,1,,,
,,,,datatype-fmap_fmap-magnitude1_suffix-magnitude1__24,datatype-fmap_fmap-magnitude1_suffix-magnitude1,24,2,,0.00269,,,60,acquisition-se_suffix-asl,acquisition-singleband_datatype-func_suffix-bold_task-rest,datatype-dwi_run-1_suffix-dwi,datatype-dwi_run-2_suffix-dwi,datatype-func_suffix-bold_task-idemo,,,,,,,,,,,,,,,,,,,,,,,,,,,,,,,,,,,,,,,,,,,,,,,,,,,0,,,,,1,j-,1,,,
,,,,datatype-fmap_fmap-magnitude1_suffix-magnitude1__25,datatype-fmap_fmap-magnitude1_suffix-magnitude1,25,2,,0.00269,,,60,acquisition-gre_suffix-asl,acquisition-se_suffix-asl,datatype-dwi_run-1_suffix-dwi,datatype-dwi_run-2_suffix-dwi,datatype-func_suffix-bold_task-frac2back,datatype-func_suffix-bold_task-idemo,suffix-m0scan,,,,,,,,,,,,,,,,,,,,,,,,,,,,,,,,,,,,,,,,,,,,,,,,,0,,,,,1,j-,1,,,
,,,,datatype-fmap_fmap-magnitude1_suffix-magnitude1__26,datatype-fmap_fmap-magnitude1_suffix-magnitude1,26,1,,0.00269,,,60,acquisition-100_datatype-func_suffix-bold_task-rest,acquisition-se_suffix-asl,acquisition-singleband_datatype-func_suffix-bold_task-rest,datatype-dwi_run-1_suffix-dwi,datatype-func_suffix-bold_task-frac2back,datatype-func_suffix-bold_task-idemo,,,,,,,,,,,,,,,,,,,,,,,,,,,,,,,,,,,,,,,,,,,,,,,,,,0,,,,,1,j-,1,,,
,,,,datatype-fmap_fmap-magnitude1_suffix-magnitude1__27,datatype-fmap_fmap-magnitude1_suffix-magnitude1,27,2,,0.00269,,,60,acquisition-se_suffix-asl,datatype-func_suffix-bold_task-frac2back,suffix-m0scan,,,,,,,,,,,,,,,,,,,,,,,,,,,,,,,,,,,,,,,,,,,,,,,,,,,,,0,,,,,1,j-,1,,,
,,,,datatype-fmap_fmap-magnitude1_suffix-magnitude1__28,datatype-fmap_fmap-magnitude1_suffix-magnitude1,28,1,,0.00269,,,60,acquisition-gre_suffix-asl,acquisition-se_suffix-asl,datatype-dwi_run-1_suffix-dwi,datatype-dwi_run-2_suffix-dwi,datatype-func_suffix-bold_task-idemo,suffix-m0scan,,,,,,,,,,,,,,,,,,,,,,,,,,,,,,,,,,,,,,,,,,,,,,,,,,0,,,,,1,j-,1,,,
,,,,datatype-fmap_fmap-magnitude1_suffix-magnitude1__29,datatype-fmap_fmap-magnitude1_suffix-magnitude1,29,2,1.56E-05,0.00269,,,60,acquisition-gre_suffix-asl,acquisition-se_suffix-asl,acquisition-singleband_datatype-func_suffix-bold_task-rest,datatype-dwi_run-1_suffix-dwi,datatype-dwi_run-2_suffix-dwi,datatype-func_suffix-bold_task-frac2back,datatype-func_suffix-bold_task-idemo,suffix-m0scan,,,,,,,,,,,,,,,,,,,,,,,,,,,,,,,,,,,,,,,,,,,,,,,,0,,,,,1,j-,1,,,
,,,,datatype-fmap_fmap-magnitude1_suffix-magnitude1__30,datatype-fmap_fmap-magnitude1_suffix-magnitude1,30,2,,0.00269,,,60,acquisition-gre_suffix-asl,acquisition-se_suffix-asl,acquisition-singleband_datatype-func_suffix-bold_task-rest,datatype-func_suffix-bold_task-frac2back,datatype-func_suffix-bold_task-idemo,suffix-m0scan,,,,,,,,,,,,,,,,,,,,,,,,,,,,,,,,,,,,,,,,,,,,,,,,,,0,,,,,1,j-,1,,,
,,,,datatype-fmap_fmap-magnitude1_suffix-magnitude1__31,datatype-fmap_fmap-magnitude1_suffix-magnitude1,31,1,1.56E-05,0.00269,,,60,acquisition-se_suffix-asl,datatype-dwi_run-1_suffix-dwi,datatype-func_suffix-bold_task-frac2back,datatype-func_suffix-bold_task-idemo,,,,,,,,,,,,,,,,,,,,,,,,,,,,,,,,,,,,,,,,,,,,,,,,,,,,0,,,,,1,j-,1,,,
,,,,datatype-fmap_fmap-magnitude1_suffix-magnitude1__32,datatype-fmap_fmap-magnitude1_suffix-magnitude1,32,3,1.56E-05,0.00269,,,60,acquisition-100_datatype-func_suffix-bold_task-rest,acquisition-se_suffix-asl,acquisition-singleband_datatype-func_suffix-bold_task-rest,datatype-dwi_run-1_suffix-dwi,datatype-dwi_run-2_suffix-dwi,datatype-func_suffix-bold_task-frac2back,datatype-func_suffix-bold_task-idemo,,,,,,,,,,,,,,,,,,,,,,,,,,,,,,,,,,,,,,,,,,,,,,,,,0,,,,,1,j-,1,,,
,,,,datatype-fmap_fmap-magnitude1_suffix-magnitude1__33,datatype-fmap_fmap-magnitude1_suffix-magnitude1,33,1,,0.00269,,,60,acquisition-se_suffix-asl,acquisition-singleband_datatype-func_suffix-bold_task-rest,datatype-dwi_run-1_suffix-dwi,datatype-dwi_run-2_suffix-dwi,,,,,,,,,,,,,,,,,,,,,,,,,,,,,,,,,,,,,,,,,,,,,,,,,,,,0,,,,,1,j-,1,,,
,,,,datatype-fmap_fmap-magnitude1_suffix-magnitude1__34,datatype-fmap_fmap-magnitude1_suffix-magnitude1,34,7,,0.00269,,,60,acquisition-100_datatype-func_suffix-bold_task-rest,acquisition-singleband_datatype-func_suffix-bold_task-rest,datatype-dwi_run-1_suffix-dwi,datatype-dwi_run-2_suffix-dwi,datatype-func_suffix-bold_task-frac2back,datatype-func_suffix-bold_task-idemo,,,,,,,,,,,,,,,,,,,,,,,,,,,,,,,,,,,,,,,,,,,,,,,,,,0,,,,,1,j-,1,,,
,,,,datatype-fmap_fmap-magnitude1_suffix-magnitude1__35,datatype-fmap_fmap-magnitude1_suffix-magnitude1,35,1,,0.00269,,,60,acquisition-singleband_datatype-func_suffix-bold_task-rest,datatype-dwi_run-1_suffix-dwi,datatype-func_suffix-bold_task-frac2back,datatype-func_suffix-bold_task-idemo,,,,,,,,,,,,,,,,,,,,,,,,,,,,,,,,,,,,,,,,,,,,,,,,,,,,0,,,,,1,j-,1,,,
,,,,datatype-fmap_fmap-magnitude1_suffix-magnitude1__36,datatype-fmap_fmap-magnitude1_suffix-magnitude1,36,1,,0.00269,,,60,acquisition-gre_suffix-asl,acquisition-se_suffix-asl,suffix-m0scan,,,,,,,,,,,,,,,,,,,,,,,,,,,,,,,,,,,,,,,,,,,,,,,,,,,,,0,,,,,1,j-,1,,,
,,,,datatype-fmap_fmap-magnitude1_suffix-magnitude1__37,datatype-fmap_fmap-magnitude1_suffix-magnitude1,37,1,,0.00269,,,60,acquisition-se_suffix-asl,acquisition-singleband_datatype-func_suffix-bold_task-rest,datatype-dwi_run-1_suffix-dwi,datatype-dwi_run-2_suffix-dwi,datatype-func_suffix-bold_task-frac2back,datatype-func_suffix-bold_task-hero,datatype-func_suffix-bold_task-idemo,,,,,,,,,,,,,,,,,,,,,,,,,,,,,,,,,,,,,,,,,,,,,,,,,0,,,,,1,j-,1,,,
,,,,datatype-fmap_fmap-magnitude1_suffix-magnitude1__38,datatype-fmap_fmap-magnitude1_suffix-magnitude1,38,1,,0.00269,,,60,acquisition-se_suffix-asl,datatype-dwi_run-1_suffix-dwi,datatype-dwi_run-2_suffix-dwi,datatype-func_suffix-bold_task-idemo,suffix-m0scan,,,,,,,,,,,,,,,,,,,,,,,,,,,,,,,,,,,,,,,,,,,,,,,,,,,0,,,,,1,j-,1,,,
,,,,datatype-fmap_fmap-magnitude1_suffix-magnitude1__39,datatype-fmap_fmap-magnitude1_suffix-magnitude1,39,1,,0.00269,,,60,acquisition-100_datatype-func_suffix-bold_task-rest,acquisition-se_suffix-asl,acquisition-singleband_datatype-func_suffix-bold_task-rest,datatype-func_suffix-bold_task-frac2back,datatype-func_suffix-bold_task-idemo,,,,,,,,,,,,,,,,,,,,,,,,,,,,,,,,,,,,,,,,,,,,,,,,,,,0,,,,,1,j-,1,,,
,,,,datatype-fmap_fmap-magnitude1_suffix-magnitude1__40,datatype-fmap_fmap-magnitude1_suffix-magnitude1,40,2,,0.00269,,,60,acquisition-se_suffix-asl,acquisition-singleband_datatype-func_suffix-bold_task-rest,datatype-dwi_run-1_suffix-dwi,datatype-dwi_run-2_suffix-dwi,datatype-func_suffix-bold_task-frac2back,,,,,,,,,,,,,,,,,,,,,,,,,,,,,,,,,,,,,,,,,,,,,,,,,,,0,,,,,1,j-,1,,,
,,,,datatype-fmap_fmap-magnitude1_suffix-magnitude1__41,datatype-fmap_fmap-magnitude1_suffix-magnitude1,41,2,,0.00269,,,60,acquisition-se_suffix-asl,,,,,,,,,,,,,,,,,,,,,,,,,,,,,,,,,,,,,,,,,,,,,,,,,,,,,,,0,,,,,1,j-,1,,,
,,,,datatype-fmap_fmap-magnitude1_suffix-magnitude1__42,datatype-fmap_fmap-magnitude1_suffix-magnitude1,42,1,,0.00269,,,60,acquisition-se_suffix-asl,datatype-func_suffix-bold_task-frac2back,datatype-func_suffix-bold_task-idemo,suffix-m0scan,,,,,,,,,,,,,,,,,,,,,,,,,,,,,,,,,,,,,,,,,,,,,,,,,,,,0,,,,,1,j-,1,,,
,,,,datatype-fmap_fmap-magnitude1_suffix-magnitude1__43,datatype-fmap_fmap-magnitude1_suffix-magnitude1,43,1,,0.00269,,,60,datatype-func_suffix-bold_task-frac2back,,,,,,,,,,,,,,,,,,,,,,,,,,,,,,,,,,,,,,,,,,,,,,,,,,,,,,,0,,,,,1,j-,1,,,
,,,,datatype-fmap_fmap-magnitude1_suffix-magnitude1__44,datatype-fmap_fmap-magnitude1_suffix-magnitude1,44,1,1.56E-05,0.00269,,,60,acquisition-se_suffix-asl,acquisition-singleband_datatype-func_suffix-bold_task-rest,datatype-dwi_run-1_suffix-dwi,datatype-func_suffix-bold_task-frac2back,datatype-func_suffix-bold_task-idemo,,,,,,,,,,,,,,,,,,,,,,,,,,,,,,,,,,,,,,,,,,,,,,,,,,,0,,,,,1,j-,1,,,
,,,,datatype-fmap_fmap-magnitude1_suffix-magnitude1__45,datatype-fmap_fmap-magnitude1_suffix-magnitude1,45,1,,0.00269,,,60,datatype-dwi_run-1_suffix-dwi,datatype-func_suffix-bold_task-frac2back,datatype-func_suffix-bold_task-idemo,,,,,,,,,,,,,,,,,,,,,,,,,,,,,,,,,,,,,,,,,,,,,,,,,,,,,0,,,,,1,j-,1,,,
,,,,datatype-fmap_fmap-magnitude2_suffix-magnitude2__1,datatype-fmap_fmap-magnitude2_suffix-magnitude2,1,1054,,0.00527,,,60,acquisition-se_suffix-asl,acquisition-singleband_datatype-func_suffix-bold_task-rest,datatype-dwi_run-1_suffix-dwi,datatype-dwi_run-2_suffix-dwi,datatype-func_suffix-bold_task-frac2back,datatype-func_suffix-bold_task-idemo,,,,,,,,,,,,,,,,,,,,,,,,,,,,,,,,,,,,,,,,,,,,,,,,,,0,,,,,1,j-,1,,,
,,,,datatype-fmap_fmap-magnitude2_suffix-magnitude2__2,datatype-fmap_fmap-magnitude2_suffix-magnitude2,2,31,,0.00527,,,60,acquisition-se_suffix-asl,datatype-func_suffix-bold_task-frac2back,datatype-func_suffix-bold_task-idemo,,,,,,,,,,,,,,,,,,,,,,,,,,,,,,,,,,,,,,,,,,,,,,,,,,,,,0,,,,,1,j-,1,,,
,,,,datatype-fmap_fmap-magnitude2_suffix-magnitude2__3,datatype-fmap_fmap-magnitude2_suffix-magnitude2,3,17,,0.00527,,,60,acquisition-singleband_datatype-func_suffix-bold_task-rest,datatype-dwi_run-1_suffix-dwi,datatype-dwi_run-2_suffix-dwi,datatype-func_suffix-bold_task-frac2back,datatype-func_suffix-bold_task-idemo,,,,,,,,,,,,,,,,,,,,,,,,,,,,,,,,,,,,,,,,,,,,,,,,,,,0,,,,,1,j-,1,,,
,,,,datatype-fmap_fmap-magnitude2_suffix-magnitude2__4,datatype-fmap_fmap-magnitude2_suffix-magnitude2,4,5,,0.00527,,,60,acquisition-se_suffix-asl,datatype-dwi_run-1_suffix-dwi,datatype-dwi_run-2_suffix-dwi,,,,,,,,,,,,,,,,,,,,,,,,,,,,,,,,,,,,,,,,,,,,,,,,,,,,,0,,,,,1,j-,1,,,
,,,,datatype-fmap_fmap-magnitude2_suffix-magnitude2__5,datatype-fmap_fmap-magnitude2_suffix-magnitude2,5,26,,0.00527,,,60,acquisition-se_suffix-asl,acquisition-singleband_datatype-func_suffix-bold_task-rest,datatype-dwi_run-1_suffix-dwi,datatype-dwi_run-2_suffix-dwi,datatype-func_suffix-bold_task-frac2back,datatype-func_suffix-bold_task-idemo,suffix-m0scan,,,,,,,,,,,,,,,,,,,,,,,,,,,,,,,,,,,,,,,,,,,,,,,,,0,,,,,1,j-,1,,,
,,,,datatype-fmap_fmap-magnitude2_suffix-magnitude2__6,datatype-fmap_fmap-magnitude2_suffix-magnitude2,6,170,,0.00527,,,60,acquisition-gre_suffix-asl,acquisition-se_suffix-asl,acquisition-singleband_datatype-func_suffix-bold_task-rest,datatype-dwi_run-1_suffix-dwi,datatype-dwi_run-2_suffix-dwi,datatype-func_suffix-bold_task-frac2back,datatype-func_suffix-bold_task-idemo,suffix-m0scan,,,,,,,,,,,,,,,,,,,,,,,,,,,,,,,,,,,,,,,,,,,,,,,,0,,,,,1,j-,1,,,
,,,,datatype-fmap_fmap-magnitude2_suffix-magnitude2__7,datatype-fmap_fmap-magnitude2_suffix-magnitude2,7,1,,0.00527,,,60,acquisition-se_suffix-asl,acquisition-singleband_datatype-func_suffix-bold_task-rest,datatype-func_suffix-bold_task-frac2back,,,,,,,,,,,,,,,,,,,,,,,,,,,,,,,,,,,,,,,,,,,,,,,,,,,,,0,,,,,1,j-,1,,,
,,,,datatype-fmap_fmap-magnitude2_suffix-magnitude2__8,datatype-fmap_fmap-magnitude2_suffix-magnitude2,8,14,,0.00527,,,60,acquisition-se_suffix-asl,datatype-func_suffix-bold_task-idemo,,,,,,,,,,,,,,,,,,,,,,,,,,,,,,,,,,,,,,,,,,,,,,,,,,,,,,0,,,,,1,j-,1,,,
,,,,datatype-fmap_fmap-magnitude2_suffix-magnitude2__9,datatype-fmap_fmap-magnitude2_suffix-magnitude2,9,63,,0.00527,,,60,acquisition-100_datatype-func_suffix-bold_task-rest,acquisition-se_suffix-asl,acquisition-singleband_datatype-func_suffix-bold_task-rest,datatype-dwi_run-1_suffix-dwi,datatype-dwi_run-2_suffix-dwi,datatype-func_suffix-bold_task-frac2back,datatype-func_suffix-bold_task-idemo,,,,,,,,,,,,,,,,,,,,,,,,,,,,,,,,,,,,,,,,,,,,,,,,,0,,,,,1,j-,1,,,
,,,,datatype-fmap_fmap-magnitude2_suffix-magnitude2__10,datatype-fmap_fmap-magnitude2_suffix-magnitude2,10,15,1.56E-05,0.00527,,,60,acquisition-se_suffix-asl,acquisition-singleband_datatype-func_suffix-bold_task-rest,datatype-dwi_run-1_suffix-dwi,datatype-dwi_run-2_suffix-dwi,datatype-func_suffix-bold_task-frac2back,datatype-func_suffix-bold_task-idemo,,,,,,,,,,,,,,,,,,,,,,,,,,,,,,,,,,,,,,,,,,,,,,,,,,0,,,,,1,j-,1,,,
,,,,datatype-fmap_fmap-magnitude2_suffix-magnitude2__11,datatype-fmap_fmap-magnitude2_suffix-magnitude2,11,14,,0.00527,,,60,acquisition-se_suffix-asl,datatype-dwi_run-1_suffix-dwi,datatype-dwi_run-2_suffix-dwi,datatype-func_suffix-bold_task-frac2back,datatype-func_suffix-bold_task-idemo,,,,,,,,,,,,,,,,,,,,,,,,,,,,,,,,,,,,,,,,,,,,,,,,,,,0,,,,,1,j-,1,,,
,,,,datatype-fmap_fmap-magnitude2_suffix-magnitude2__12,datatype-fmap_fmap-magnitude2_suffix-magnitude2,12,1,,0.00527,,,60,acquisition-se_suffix-asl,datatype-dwi_run-1_suffix-dwi,datatype-func_suffix-bold_task-frac2back,datatype-func_suffix-bold_task-idemo,,,,,,,,,,,,,,,,,,,,,,,,,,,,,,,,,,,,,,,,,,,,,,,,,,,,0,,,,,1,j-,1,,,
,,,,datatype-fmap_fmap-magnitude2_suffix-magnitude2__13,datatype-fmap_fmap-magnitude2_suffix-magnitude2,13,16,,0.00527,,,60,acquisition-se_suffix-asl,acquisition-singleband_datatype-func_suffix-bold_task-rest,datatype-func_suffix-bold_task-frac2back,datatype-func_suffix-bold_task-idemo,,,,,,,,,,,,,,,,,,,,,,,,,,,,,,,,,,,,,,,,,,,,,,,,,,,,0,,,,,1,j-,1,,,
,,,,datatype-fmap_fmap-magnitude2_suffix-magnitude2__14,datatype-fmap_fmap-magnitude2_suffix-magnitude2,14,4,,0.00527,,,60,acquisition-se_suffix-asl,datatype-dwi_run-1_suffix-dwi,datatype-dwi_run-2_suffix-dwi,datatype-func_suffix-bold_task-frac2back,,,,,,,,,,,,,,,,,,,,,,,,,,,,,,,,,,,,,,,,,,,,,,,,,,,,0,,,,,1,j-,1,,,
,,,,datatype-fmap_fmap-magnitude2_suffix-magnitude2__15,datatype-fmap_fmap-magnitude2_suffix-magnitude2,15,2,1.56E-05,0.00527,,,60,acquisition-se_suffix-asl,acquisition-singleband_datatype-func_suffix-bold_task-rest,datatype-func_suffix-bold_task-frac2back,datatype-func_suffix-bold_task-idemo,,,,,,,,,,,,,,,,,,,,,,,,,,,,,,,,,,,,,,,,,,,,,,,,,,,,0,,,,,1,j-,1,,,
,,,,datatype-fmap_fmap-magnitude2_suffix-magnitude2__16,datatype-fmap_fmap-magnitude2_suffix-magnitude2,16,5,,0.00527,,,60,acquisition-gre_suffix-asl,acquisition-se_suffix-asl,datatype-func_suffix-bold_task-frac2back,datatype-func_suffix-bold_task-idemo,suffix-m0scan,,,,,,,,,,,,,,,,,,,,,,,,,,,,,,,,,,,,,,,,,,,,,,,,,,,0,,,,,1,j-,1,,,
,,,,datatype-fmap_fmap-magnitude2_suffix-magnitude2__17,datatype-fmap_fmap-magnitude2_suffix-magnitude2,17,4,,0.00527,,,60,acquisition-se_suffix-asl,acquisition-singleband_datatype-func_suffix-bold_task-rest,datatype-func_suffix-bold_task-frac2back,datatype-func_suffix-bold_task-idemo,suffix-m0scan,,,,,,,,,,,,,,,,,,,,,,,,,,,,,,,,,,,,,,,,,,,,,,,,,,,0,,,,,1,j-,1,,,
,,,,datatype-fmap_fmap-magnitude2_suffix-magnitude2__18,datatype-fmap_fmap-magnitude2_suffix-magnitude2,18,2,,0.00527,,,60,acquisition-gre_suffix-asl,acquisition-se_suffix-asl,datatype-func_suffix-bold_task-frac2back,suffix-m0scan,,,,,,,,,,,,,,,,,,,,,,,,,,,,,,,,,,,,,,,,,,,,,,,,,,,,0,,,,,1,j-,1,,,
,,,,datatype-fmap_fmap-magnitude2_suffix-magnitude2__19,datatype-fmap_fmap-magnitude2_suffix-magnitude2,19,12,,0.00527,,,60,acquisition-se_suffix-asl,datatype-func_suffix-bold_task-frac2back,,,,,,,,,,,,,,,,,,,,,,,,,,,,,,,,,,,,,,,,,,,,,,,,,,,,,,0,,,,,1,j-,1,,,
,,,,datatype-fmap_fmap-magnitude2_suffix-magnitude2__20,datatype-fmap_fmap-magnitude2_suffix-magnitude2,20,1,,0.00527,,,60,datatype-dwi_run-1_suffix-dwi,datatype-dwi_run-2_suffix-dwi,datatype-func_suffix-bold_task-frac2back,datatype-func_suffix-bold_task-idemo,,,,,,,,,,,,,,,,,,,,,,,,,,,,,,,,,,,,,,,,,,,,,,,,,,,,0,,,,,1,j-,1,,,
,,,,datatype-fmap_fmap-magnitude2_suffix-magnitude2__21,datatype-fmap_fmap-magnitude2_suffix-magnitude2,21,10,,0.00527,,,60,datatype-func_suffix-bold_task-frac2back,datatype-func_suffix-bold_task-idemo,,,,,,,,,,,,,,,,,,,,,,,,,,,,,,,,,,,,,,,,,,,,,,,,,,,,,,0,,,,,1,j-,1,,,
,,,,datatype-fmap_fmap-magnitude2_suffix-magnitude2__22,datatype-fmap_fmap-magnitude2_suffix-magnitude2,22,2,,0.00527,,,60,acquisition-singleband_datatype-func_suffix-bold_task-rest,datatype-func_suffix-bold_task-frac2back,datatype-func_suffix-bold_task-idemo,,,,,,,,,,,,,,,,,,,,,,,,,,,,,,,,,,,,,,,,,,,,,,,,,,,,,0,,,,,1,j-,1,,,
,,,,datatype-fmap_fmap-magnitude2_suffix-magnitude2__23,datatype-fmap_fmap-magnitude2_suffix-magnitude2,23,7,,0.00527,,,60,acquisition-se_suffix-asl,acquisition-singleband_datatype-func_suffix-bold_task-rest,datatype-dwi_run-1_suffix-dwi,datatype-func_suffix-bold_task-frac2back,datatype-func_suffix-bold_task-idemo,,,,,,,,,,,,,,,,,,,,,,,,,,,,,,,,,,,,,,,,,,,,,,,,,,,0,,,,,1,j-,1,,,
,,,,datatype-fmap_fmap-magnitude2_suffix-magnitude2__24,datatype-fmap_fmap-magnitude2_suffix-magnitude2,24,2,,0.00527,,,60,acquisition-se_suffix-asl,acquisition-singleband_datatype-func_suffix-bold_task-rest,datatype-dwi_run-1_suffix-dwi,datatype-dwi_run-2_suffix-dwi,datatype-func_suffix-bold_task-idemo,,,,,,,,,,,,,,,,,,,,,,,,,,,,,,,,,,,,,,,,,,,,,,,,,,,0,,,,,1,j-,1,,,
,,,,datatype-fmap_fmap-magnitude2_suffix-magnitude2__25,datatype-fmap_fmap-magnitude2_suffix-magnitude2,25,2,,0.00527,,,60,acquisition-gre_suffix-asl,acquisition-se_suffix-asl,datatype-dwi_run-1_suffix-dwi,datatype-dwi_run-2_suffix-dwi,datatype-func_suffix-bold_task-frac2back,datatype-func_suffix-bold_task-idemo,suffix-m0scan,,,,,,,,,,,,,,,,,,,,,,,,,,,,,,,,,,,,,,,,,,,,,,,,,0,,,,,1,j-,1,,,
,,,,datatype-fmap_fmap-magnitude2_suffix-magnitude2__26,datatype-fmap_fmap-magnitude2_suffix-magnitude2,26,1,,0.00527,,,60,acquisition-100_datatype-func_suffix-bold_task-rest,acquisition-se_suffix-asl,acquisition-singleband_datatype-func_suffix-bold_task-rest,datatype-dwi_run-1_suffix-dwi,datatype-func_suffix-bold_task-frac2back,datatype-func_suffix-bold_task-idemo,,,,,,,,,,,,,,,,,,,,,,,,,,,,,,,,,,,,,,,,,,,,,,,,,,0,,,,,1,j-,1,,,
,,,,datatype-fmap_fmap-magnitude2_suffix-magnitude2__27,datatype-fmap_fmap-magnitude2_suffix-magnitude2,27,2,,0.00527,,,60,acquisition-se_suffix-asl,datatype-func_suffix-bold_task-frac2back,suffix-m0scan,,,,,,,,,,,,,,,,,,,,,,,,,,,,,,,,,,,,,,,,,,,,,,,,,,,,,0,,,,,1,j-,1,,,
,,,,datatype-fmap_fmap-magnitude2_suffix-magnitude2__28,datatype-fmap_fmap-magnitude2_suffix-magnitude2,28,1,,0.00527,,,60,acquisition-gre_suffix-asl,acquisition-se_suffix-asl,datatype-dwi_run-1_suffix-dwi,datatype-dwi_run-2_suffix-dwi,datatype-func_suffix-bold_task-idemo,suffix-m0scan,,,,,,,,,,,,,,,,,,,,,,,,,,,,,,,,,,,,,,,,,,,,,,,,,,0,,,,,1,j-,1,,,
,,,,datatype-fmap_fmap-magnitude2_suffix-magnitude2__29,datatype-fmap_fmap-magnitude2_suffix-magnitude2,29,2,1.56E-05,0.00527,,,60,acquisition-gre_suffix-asl,acquisition-se_suffix-asl,acquisition-singleband_datatype-func_suffix-bold_task-rest,datatype-dwi_run-1_suffix-dwi,datatype-dwi_run-2_suffix-dwi,datatype-func_suffix-bold_task-frac2back,datatype-func_suffix-bold_task-idemo,suffix-m0scan,,,,,,,,,,,,,,,,,,,,,,,,,,,,,,,,,,,,,,,,,,,,,,,,0,,,,,1,j-,1,,,
,,,,datatype-fmap_fmap-magnitude2_suffix-magnitude2__30,datatype-fmap_fmap-magnitude2_suffix-magnitude2,30,2,,0.00527,,,60,acquisition-gre_suffix-asl,acquisition-se_suffix-asl,acquisition-singleband_datatype-func_suffix-bold_task-rest,datatype-func_suffix-bold_task-frac2back,datatype-func_suffix-bold_task-idemo,suffix-m0scan,,,,,,,,,,,,,,,,,,,,,,,,,,,,,,,,,,,,,,,,,,,,,,,,,,0,,,,,1,j-,1,,,
,,,,datatype-fmap_fmap-magnitude2_suffix-magnitude2__31,datatype-fmap_fmap-magnitude2_suffix-magnitude2,31,1,1.56E-05,0.00527,,,60,acquisition-se_suffix-asl,datatype-dwi_run-1_suffix-dwi,datatype-func_suffix-bold_task-frac2back,datatype-func_suffix-bold_task-idemo,,,,,,,,,,,,,,,,,,,,,,,,,,,,,,,,,,,,,,,,,,,,,,,,,,,,0,,,,,1,j-,1,,,
,,,,datatype-fmap_fmap-magnitude2_suffix-magnitude2__32,datatype-fmap_fmap-magnitude2_suffix-magnitude2,32,3,1.56E-05,0.00527,,,60,acquisition-100_datatype-func_suffix-bold_task-rest,acquisition-se_suffix-asl,acquisition-singleband_datatype-func_suffix-bold_task-rest,datatype-dwi_run-1_suffix-dwi,datatype-dwi_run-2_suffix-dwi,datatype-func_suffix-bold_task-frac2back,datatype-func_suffix-bold_task-idemo,,,,,,,,,,,,,,,,,,,,,,,,,,,,,,,,,,,,,,,,,,,,,,,,,0,,,,,1,j-,1,,,
,,,,datatype-fmap_fmap-magnitude2_suffix-magnitude2__33,datatype-fmap_fmap-magnitude2_suffix-magnitude2,33,1,,0.00527,,,60,acquisition-se_suffix-asl,acquisition-singleband_datatype-func_suffix-bold_task-rest,datatype-dwi_run-1_suffix-dwi,datatype-dwi_run-2_suffix-dwi,,,,,,,,,,,,,,,,,,,,,,,,,,,,,,,,,,,,,,,,,,,,,,,,,,,,0,,,,,1,j-,1,,,
,,,,datatype-fmap_fmap-magnitude2_suffix-magnitude2__34,datatype-fmap_fmap-magnitude2_suffix-magnitude2,34,7,,0.00527,,,60,acquisition-100_datatype-func_suffix-bold_task-rest,acquisition-singleband_datatype-func_suffix-bold_task-rest,datatype-dwi_run-1_suffix-dwi,datatype-dwi_run-2_suffix-dwi,datatype-func_suffix-bold_task-frac2back,datatype-func_suffix-bold_task-idemo,,,,,,,,,,,,,,,,,,,,,,,,,,,,,,,,,,,,,,,,,,,,,,,,,,0,,,,,1,j-,1,,,
,,,,datatype-fmap_fmap-magnitude2_suffix-magnitude2__35,datatype-fmap_fmap-magnitude2_suffix-magnitude2,35,1,,0.00527,,,60,acquisition-singleband_datatype-func_suffix-bold_task-rest,datatype-dwi_run-1_suffix-dwi,datatype-func_suffix-bold_task-frac2back,datatype-func_suffix-bold_task-idemo,,,,,,,,,,,,,,,,,,,,,,,,,,,,,,,,,,,,,,,,,,,,,,,,,,,,0,,,,,1,j-,1,,,
,,,,datatype-fmap_fmap-magnitude2_suffix-magnitude2__36,datatype-fmap_fmap-magnitude2_suffix-magnitude2,36,1,,0.00527,,,60,acquisition-gre_suffix-asl,acquisition-se_suffix-asl,suffix-m0scan,,,,,,,,,,,,,,,,,,,,,,,,,,,,,,,,,,,,,,,,,,,,,,,,,,,,,0,,,,,1,j-,1,,,
,,,,datatype-fmap_fmap-magnitude2_suffix-magnitude2__37,datatype-fmap_fmap-magnitude2_suffix-magnitude2,37,1,,0.00527,,,60,acquisition-se_suffix-asl,acquisition-singleband_datatype-func_suffix-bold_task-rest,datatype-dwi_run-1_suffix-dwi,datatype-dwi_run-2_suffix-dwi,datatype-func_suffix-bold_task-frac2back,datatype-func_suffix-bold_task-hero,datatype-func_suffix-bold_task-idemo,,,,,,,,,,,,,,,,,,,,,,,,,,,,,,,,,,,,,,,,,,,,,,,,,0,,,,,1,j-,1,,,
,,,,datatype-fmap_fmap-magnitude2_suffix-magnitude2__38,datatype-fmap_fmap-magnitude2_suffix-magnitude2,38,1,,0.00527,,,60,acquisition-se_suffix-asl,datatype-dwi_run-1_suffix-dwi,datatype-dwi_run-2_suffix-dwi,datatype-func_suffix-bold_task-idemo,suffix-m0scan,,,,,,,,,,,,,,,,,,,,,,,,,,,,,,,,,,,,,,,,,,,,,,,,,,,0,,,,,1,j-,1,,,
,,,,datatype-fmap_fmap-magnitude2_suffix-magnitude2__39,datatype-fmap_fmap-magnitude2_suffix-magnitude2,39,1,,0.00527,,,60,acquisition-100_datatype-func_suffix-bold_task-rest,acquisition-se_suffix-asl,acquisition-singleband_datatype-func_suffix-bold_task-rest,datatype-func_suffix-bold_task-frac2back,datatype-func_suffix-bold_task-idemo,,,,,,,,,,,,,,,,,,,,,,,,,,,,,,,,,,,,,,,,,,,,,,,,,,,0,,,,,1,j-,1,,,
,,,,datatype-fmap_fmap-magnitude2_suffix-magnitude2__40,datatype-fmap_fmap-magnitude2_suffix-magnitude2,40,2,,0.00527,,,60,acquisition-se_suffix-asl,acquisition-singleband_datatype-func_suffix-bold_task-rest,datatype-dwi_run-1_suffix-dwi,datatype-dwi_run-2_suffix-dwi,datatype-func_suffix-bold_task-frac2back,,,,,,,,,,,,,,,,,,,,,,,,,,,,,,,,,,,,,,,,,,,,,,,,,,,0,,,,,1,j-,1,,,
,,,,datatype-fmap_fmap-magnitude2_suffix-magnitude2__41,datatype-fmap_fmap-magnitude2_suffix-magnitude2,41,2,,0.00527,,,60,acquisition-se_suffix-asl,,,,,,,,,,,,,,,,,,,,,,,,,,,,,,,,,,,,,,,,,,,,,,,,,,,,,,,0,,,,,1,j-,1,,,
,,,,datatype-fmap_fmap-magnitude2_suffix-magnitude2__42,datatype-fmap_fmap-magnitude2_suffix-magnitude2,42,1,,0.00527,,,60,acquisition-se_suffix-asl,datatype-func_suffix-bold_task-frac2back,datatype-func_suffix-bold_task-idemo,suffix-m0scan,,,,,,,,,,,,,,,,,,,,,,,,,,,,,,,,,,,,,,,,,,,,,,,,,,,,0,,,,,1,j-,1,,,
,,,,datatype-fmap_fmap-magnitude2_suffix-magnitude2__43,datatype-fmap_fmap-magnitude2_suffix-magnitude2,43,1,,0.00527,,,60,datatype-func_suffix-bold_task-frac2back,,,,,,,,,,,,,,,,,,,,,,,,,,,,,,,,,,,,,,,,,,,,,,,,,,,,,,,0,,,,,1,j-,1,,,
,,,,datatype-fmap_fmap-magnitude2_suffix-magnitude2__44,datatype-fmap_fmap-magnitude2_suffix-magnitude2,44,1,1.56E-05,0.00527,,,60,acquisition-se_suffix-asl,acquisition-singleband_datatype-func_suffix-bold_task-rest,datatype-dwi_run-1_suffix-dwi,datatype-func_suffix-bold_task-frac2back,datatype-func_suffix-bold_task-idemo,,,,,,,,,,,,,,,,,,,,,,,,,,,,,,,,,,,,,,,,,,,,,,,,,,,0,,,,,1,j-,1,,,
,,,,datatype-fmap_fmap-magnitude2_suffix-magnitude2__45,datatype-fmap_fmap-magnitude2_suffix-magnitude2,45,1,,0.00527,,,60,datatype-dwi_run-1_suffix-dwi,datatype-func_suffix-bold_task-frac2back,datatype-func_suffix-bold_task-idemo,,,,,,,,,,,,,,,,,,,,,,,,,,,,,,,,,,,,,,,,,,,,,,,,,,,,,0,,,,,1,j-,1,,,
,,,,datatype-fmap_fmap-phase1_suffix-phase1__1,datatype-fmap_fmap-phase1_suffix-phase1,1,1054,,0.00269,,,60,acquisition-se_suffix-asl,acquisition-singleband_datatype-func_suffix-bold_task-rest,datatype-dwi_run-1_suffix-dwi,datatype-dwi_run-2_suffix-dwi,datatype-func_suffix-bold_task-frac2back,datatype-func_suffix-bold_task-idemo,,,,,,,,,,,,,,,,,,,,,,,,,,,,,,,,,,,,,,,,,,,,,,,,,,0,,,,,1,j-,1,,,
,,,,datatype-fmap_fmap-phase1_suffix-phase1__2,datatype-fmap_fmap-phase1_suffix-phase1,2,31,,0.00269,,,60,acquisition-se_suffix-asl,datatype-func_suffix-bold_task-frac2back,datatype-func_suffix-bold_task-idemo,,,,,,,,,,,,,,,,,,,,,,,,,,,,,,,,,,,,,,,,,,,,,,,,,,,,,0,,,,,1,j-,1,,,
,,,,datatype-fmap_fmap-phase1_suffix-phase1__3,datatype-fmap_fmap-phase1_suffix-phase1,3,17,,0.00269,,,60,acquisition-singleband_datatype-func_suffix-bold_task-rest,datatype-dwi_run-1_suffix-dwi,datatype-dwi_run-2_suffix-dwi,datatype-func_suffix-bold_task-frac2back,datatype-func_suffix-bold_task-idemo,,,,,,,,,,,,,,,,,,,,,,,,,,,,,,,,,,,,,,,,,,,,,,,,,,,0,,,,,1,j-,1,,,
,,,,datatype-fmap_fmap-phase1_suffix-phase1__4,datatype-fmap_fmap-phase1_suffix-phase1,4,5,,0.00269,,,60,acquisition-se_suffix-asl,datatype-dwi_run-1_suffix-dwi,datatype-dwi_run-2_suffix-dwi,,,,,,,,,,,,,,,,,,,,,,,,,,,,,,,,,,,,,,,,,,,,,,,,,,,,,0,,,,,1,j-,1,,,
,,,,datatype-fmap_fmap-phase1_suffix-phase1__5,datatype-fmap_fmap-phase1_suffix-phase1,5,26,,0.00269,,,60,acquisition-se_suffix-asl,acquisition-singleband_datatype-func_suffix-bold_task-rest,datatype-dwi_run-1_suffix-dwi,datatype-dwi_run-2_suffix-dwi,datatype-func_suffix-bold_task-frac2back,datatype-func_suffix-bold_task-idemo,suffix-m0scan,,,,,,,,,,,,,,,,,,,,,,,,,,,,,,,,,,,,,,,,,,,,,,,,,0,,,,,1,j-,1,,,
,,,,datatype-fmap_fmap-phase1_suffix-phase1__6,datatype-fmap_fmap-phase1_suffix-phase1,6,170,,0.00269,,,60,acquisition-gre_suffix-asl,acquisition-se_suffix-asl,acquisition-singleband_datatype-func_suffix-bold_task-rest,datatype-dwi_run-1_suffix-dwi,datatype-dwi_run-2_suffix-dwi,datatype-func_suffix-bold_task-frac2back,datatype-func_suffix-bold_task-idemo,suffix-m0scan,,,,,,,,,,,,,,,,,,,,,,,,,,,,,,,,,,,,,,,,,,,,,,,,0,,,,,1,j-,1,,,
,,,,datatype-fmap_fmap-phase1_suffix-phase1__7,datatype-fmap_fmap-phase1_suffix-phase1,7,1,,0.00269,,,60,acquisition-se_suffix-asl,acquisition-singleband_datatype-func_suffix-bold_task-rest,datatype-func_suffix-bold_task-frac2back,,,,,,,,,,,,,,,,,,,,,,,,,,,,,,,,,,,,,,,,,,,,,,,,,,,,,0,,,,,1,j-,1,,,
,,,,datatype-fmap_fmap-phase1_suffix-phase1__8,datatype-fmap_fmap-phase1_suffix-phase1,8,14,,0.00269,,,60,acquisition-se_suffix-asl,datatype-func_suffix-bold_task-idemo,,,,,,,,,,,,,,,,,,,,,,,,,,,,,,,,,,,,,,,,,,,,,,,,,,,,,,0,,,,,1,j-,1,,,
,,,,datatype-fmap_fmap-phase1_suffix-phase1__9,datatype-fmap_fmap-phase1_suffix-phase1,9,63,,0.00269,,,60,acquisition-100_datatype-func_suffix-bold_task-rest,acquisition-se_suffix-asl,acquisition-singleband_datatype-func_suffix-bold_task-rest,datatype-dwi_run-1_suffix-dwi,datatype-dwi_run-2_suffix-dwi,datatype-func_suffix-bold_task-frac2back,datatype-func_suffix-bold_task-idemo,,,,,,,,,,,,,,,,,,,,,,,,,,,,,,,,,,,,,,,,,,,,,,,,,0,,,,,1,j-,1,,,
,,,,datatype-fmap_fmap-phase1_suffix-phase1__10,datatype-fmap_fmap-phase1_suffix-phase1,10,15,1.56E-05,0.00269,,,60,acquisition-se_suffix-asl,acquisition-singleband_datatype-func_suffix-bold_task-rest,datatype-dwi_run-1_suffix-dwi,datatype-dwi_run-2_suffix-dwi,datatype-func_suffix-bold_task-frac2back,datatype-func_suffix-bold_task-idemo,,,,,,,,,,,,,,,,,,,,,,,,,,,,,,,,,,,,,,,,,,,,,,,,,,0,,,,,1,j-,1,,,
,,,,datatype-fmap_fmap-phase1_suffix-phase1__11,datatype-fmap_fmap-phase1_suffix-phase1,11,14,,0.00269,,,60,acquisition-se_suffix-asl,datatype-dwi_run-1_suffix-dwi,datatype-dwi_run-2_suffix-dwi,datatype-func_suffix-bold_task-frac2back,datatype-func_suffix-bold_task-idemo,,,,,,,,,,,,,,,,,,,,,,,,,,,,,,,,,,,,,,,,,,,,,,,,,,,0,,,,,1,j-,1,,,
,,,,datatype-fmap_fmap-phase1_suffix-phase1__12,datatype-fmap_fmap-phase1_suffix-phase1,12,1,,0.00269,,,60,acquisition-se_suffix-asl,datatype-dwi_run-1_suffix-dwi,datatype-func_suffix-bold_task-frac2back,datatype-func_suffix-bold_task-idemo,,,,,,,,,,,,,,,,,,,,,,,,,,,,,,,,,,,,,,,,,,,,,,,,,,,,0,,,,,1,j-,1,,,
,,,,datatype-fmap_fmap-phase1_suffix-phase1__13,datatype-fmap_fmap-phase1_suffix-phase1,13,16,,0.00269,,,60,acquisition-se_suffix-asl,acquisition-singleband_datatype-func_suffix-bold_task-rest,datatype-func_suffix-bold_task-frac2back,datatype-func_suffix-bold_task-idemo,,,,,,,,,,,,,,,,,,,,,,,,,,,,,,,,,,,,,,,,,,,,,,,,,,,,0,,,,,1,j-,1,,,
,,,,datatype-fmap_fmap-phase1_suffix-phase1__14,datatype-fmap_fmap-phase1_suffix-phase1,14,4,,0.00269,,,60,acquisition-se_suffix-asl,datatype-dwi_run-1_suffix-dwi,datatype-dwi_run-2_suffix-dwi,datatype-func_suffix-bold_task-frac2back,,,,,,,,,,,,,,,,,,,,,,,,,,,,,,,,,,,,,,,,,,,,,,,,,,,,0,,,,,1,j-,1,,,
,,,,datatype-fmap_fmap-phase1_suffix-phase1__15,datatype-fmap_fmap-phase1_suffix-phase1,15,2,1.56E-05,0.00269,,,60,acquisition-se_suffix-asl,acquisition-singleband_datatype-func_suffix-bold_task-rest,datatype-func_suffix-bold_task-frac2back,datatype-func_suffix-bold_task-idemo,,,,,,,,,,,,,,,,,,,,,,,,,,,,,,,,,,,,,,,,,,,,,,,,,,,,0,,,,,1,j-,1,,,
,,,,datatype-fmap_fmap-phase1_suffix-phase1__16,datatype-fmap_fmap-phase1_suffix-phase1,16,5,,0.00269,,,60,acquisition-gre_suffix-asl,acquisition-se_suffix-asl,datatype-func_suffix-bold_task-frac2back,datatype-func_suffix-bold_task-idemo,suffix-m0scan,,,,,,,,,,,,,,,,,,,,,,,,,,,,,,,,,,,,,,,,,,,,,,,,,,,0,,,,,1,j-,1,,,
,,,,datatype-fmap_fmap-phase1_suffix-phase1__17,datatype-fmap_fmap-phase1_suffix-phase1,17,4,,0.00269,,,60,acquisition-se_suffix-asl,acquisition-singleband_datatype-func_suffix-bold_task-rest,datatype-func_suffix-bold_task-frac2back,datatype-func_suffix-bold_task-idemo,suffix-m0scan,,,,,,,,,,,,,,,,,,,,,,,,,,,,,,,,,,,,,,,,,,,,,,,,,,,0,,,,,1,j-,1,,,
,,,,datatype-fmap_fmap-phase1_suffix-phase1__18,datatype-fmap_fmap-phase1_suffix-phase1,18,2,,0.00269,,,60,acquisition-gre_suffix-asl,acquisition-se_suffix-asl,datatype-func_suffix-bold_task-frac2back,suffix-m0scan,,,,,,,,,,,,,,,,,,,,,,,,,,,,,,,,,,,,,,,,,,,,,,,,,,,,0,,,,,1,j-,1,,,
,,,,datatype-fmap_fmap-phase1_suffix-phase1__19,datatype-fmap_fmap-phase1_suffix-phase1,19,12,,0.00269,,,60,acquisition-se_suffix-asl,datatype-func_suffix-bold_task-frac2back,,,,,,,,,,,,,,,,,,,,,,,,,,,,,,,,,,,,,,,,,,,,,,,,,,,,,,0,,,,,1,j-,1,,,
,,,,datatype-fmap_fmap-phase1_suffix-phase1__20,datatype-fmap_fmap-phase1_suffix-phase1,20,1,,0.00269,,,60,datatype-dwi_run-1_suffix-dwi,datatype-dwi_run-2_suffix-dwi,datatype-func_suffix-bold_task-frac2back,datatype-func_suffix-bold_task-idemo,,,,,,,,,,,,,,,,,,,,,,,,,,,,,,,,,,,,,,,,,,,,,,,,,,,,0,,,,,1,j-,1,,,
,,,,datatype-fmap_fmap-phase1_suffix-phase1__21,datatype-fmap_fmap-phase1_suffix-phase1,21,10,,0.00269,,,60,datatype-func_suffix-bold_task-frac2back,datatype-func_suffix-bold_task-idemo,,,,,,,,,,,,,,,,,,,,,,,,,,,,,,,,,,,,,,,,,,,,,,,,,,,,,,0,,,,,1,j-,1,,,
,,,,datatype-fmap_fmap-phase1_suffix-phase1__22,datatype-fmap_fmap-phase1_suffix-phase1,22,2,,0.00269,,,60,acquisition-singleband_datatype-func_suffix-bold_task-rest,datatype-func_suffix-bold_task-frac2back,datatype-func_suffix-bold_task-idemo,,,,,,,,,,,,,,,,,,,,,,,,,,,,,,,,,,,,,,,,,,,,,,,,,,,,,0,,,,,1,j-,1,,,
,,,,datatype-fmap_fmap-phase1_suffix-phase1__23,datatype-fmap_fmap-phase1_suffix-phase1,23,7,,0.00269,,,60,acquisition-se_suffix-asl,acquisition-singleband_datatype-func_suffix-bold_task-rest,datatype-dwi_run-1_suffix-dwi,datatype-func_suffix-bold_task-frac2back,datatype-func_suffix-bold_task-idemo,,,,,,,,,,,,,,,,,,,,,,,,,,,,,,,,,,,,,,,,,,,,,,,,,,,0,,,,,1,j-,1,,,
,,,,datatype-fmap_fmap-phase1_suffix-phase1__24,datatype-fmap_fmap-phase1_suffix-phase1,24,2,,0.00269,,,60,acquisition-se_suffix-asl,acquisition-singleband_datatype-func_suffix-bold_task-rest,datatype-dwi_run-1_suffix-dwi,datatype-dwi_run-2_suffix-dwi,datatype-func_suffix-bold_task-idemo,,,,,,,,,,,,,,,,,,,,,,,,,,,,,,,,,,,,,,,,,,,,,,,,,,,0,,,,,1,j-,1,,,
,,,,datatype-fmap_fmap-phase1_suffix-phase1__25,datatype-fmap_fmap-phase1_suffix-phase1,25,2,,0.00269,,,60,acquisition-gre_suffix-asl,acquisition-se_suffix-asl,datatype-dwi_run-1_suffix-dwi,datatype-dwi_run-2_suffix-dwi,datatype-func_suffix-bold_task-frac2back,datatype-func_suffix-bold_task-idemo,suffix-m0scan,,,,,,,,,,,,,,,,,,,,,,,,,,,,,,,,,,,,,,,,,,,,,,,,,0,,,,,1,j-,1,,,
,,,,datatype-fmap_fmap-phase1_suffix-phase1__26,datatype-fmap_fmap-phase1_suffix-phase1,26,1,,0.00269,,,60,acquisition-100_datatype-func_suffix-bold_task-rest,acquisition-se_suffix-asl,acquisition-singleband_datatype-func_suffix-bold_task-rest,datatype-dwi_run-1_suffix-dwi,datatype-func_suffix-bold_task-frac2back,datatype-func_suffix-bold_task-idemo,,,,,,,,,,,,,,,,,,,,,,,,,,,,,,,,,,,,,,,,,,,,,,,,,,0,,,,,1,j-,1,,,
,,,,datatype-fmap_fmap-phase1_suffix-phase1__27,datatype-fmap_fmap-phase1_suffix-phase1,27,2,,0.00269,,,60,acquisition-se_suffix-asl,datatype-func_suffix-bold_task-frac2back,suffix-m0scan,,,,,,,,,,,,,,,,,,,,,,,,,,,,,,,,,,,,,,,,,,,,,,,,,,,,,0,,,,,1,j-,1,,,
,,,,datatype-fmap_fmap-phase1_suffix-phase1__28,datatype-fmap_fmap-phase1_suffix-phase1,28,1,,0.00269,,,60,acquisition-gre_suffix-asl,acquisition-se_suffix-asl,datatype-dwi_run-1_suffix-dwi,datatype-dwi_run-2_suffix-dwi,datatype-func_suffix-bold_task-idemo,suffix-m0scan,,,,,,,,,,,,,,,,,,,,,,,,,,,,,,,,,,,,,,,,,,,,,,,,,,0,,,,,1,j-,1,,,
,,,,datatype-fmap_fmap-phase1_suffix-phase1__29,datatype-fmap_fmap-phase1_suffix-phase1,29,2,1.56E-05,0.00269,,,60,acquisition-gre_suffix-asl,acquisition-se_suffix-asl,acquisition-singleband_datatype-func_suffix-bold_task-rest,datatype-dwi_run-1_suffix-dwi,datatype-dwi_run-2_suffix-dwi,datatype-func_suffix-bold_task-frac2back,datatype-func_suffix-bold_task-idemo,suffix-m0scan,,,,,,,,,,,,,,,,,,,,,,,,,,,,,,,,,,,,,,,,,,,,,,,,0,,,,,1,j-,1,,,
,,,,datatype-fmap_fmap-phase1_suffix-phase1__30,datatype-fmap_fmap-phase1_suffix-phase1,30,2,,0.00269,,,60,acquisition-gre_suffix-asl,acquisition-se_suffix-asl,acquisition-singleband_datatype-func_suffix-bold_task-rest,datatype-func_suffix-bold_task-frac2back,datatype-func_suffix-bold_task-idemo,suffix-m0scan,,,,,,,,,,,,,,,,,,,,,,,,,,,,,,,,,,,,,,,,,,,,,,,,,,0,,,,,1,j-,1,,,
,,,,datatype-fmap_fmap-phase1_suffix-phase1__31,datatype-fmap_fmap-phase1_suffix-phase1,31,1,1.56E-05,0.00269,,,60,acquisition-se_suffix-asl,datatype-dwi_run-1_suffix-dwi,datatype-func_suffix-bold_task-frac2back,datatype-func_suffix-bold_task-idemo,,,,,,,,,,,,,,,,,,,,,,,,,,,,,,,,,,,,,,,,,,,,,,,,,,,,0,,,,,1,j-,1,,,
,,,,datatype-fmap_fmap-phase1_suffix-phase1__32,datatype-fmap_fmap-phase1_suffix-phase1,32,3,1.56E-05,0.00269,,,60,acquisition-100_datatype-func_suffix-bold_task-rest,acquisition-se_suffix-asl,acquisition-singleband_datatype-func_suffix-bold_task-rest,datatype-dwi_run-1_suffix-dwi,datatype-dwi_run-2_suffix-dwi,datatype-func_suffix-bold_task-frac2back,datatype-func_suffix-bold_task-idemo,,,,,,,,,,,,,,,,,,,,,,,,,,,,,,,,,,,,,,,,,,,,,,,,,0,,,,,1,j-,1,,,
,,,,datatype-fmap_fmap-phase1_suffix-phase1__33,datatype-fmap_fmap-phase1_suffix-phase1,33,1,,0.00269,,,60,acquisition-se_suffix-asl,acquisition-singleband_datatype-func_suffix-bold_task-rest,datatype-dwi_run-1_suffix-dwi,datatype-dwi_run-2_suffix-dwi,,,,,,,,,,,,,,,,,,,,,,,,,,,,,,,,,,,,,,,,,,,,,,,,,,,,0,,,,,1,j-,1,,,
,,,,datatype-fmap_fmap-phase1_suffix-phase1__34,datatype-fmap_fmap-phase1_suffix-phase1,34,7,,0.00269,,,60,acquisition-100_datatype-func_suffix-bold_task-rest,acquisition-singleband_datatype-func_suffix-bold_task-rest,datatype-dwi_run-1_suffix-dwi,datatype-dwi_run-2_suffix-dwi,datatype-func_suffix-bold_task-frac2back,datatype-func_suffix-bold_task-idemo,,,,,,,,,,,,,,,,,,,,,,,,,,,,,,,,,,,,,,,,,,,,,,,,,,0,,,,,1,j-,1,,,
,,,,datatype-fmap_fmap-phase1_suffix-phase1__35,datatype-fmap_fmap-phase1_suffix-phase1,35,1,,0.00269,,,60,acquisition-singleband_datatype-func_suffix-bold_task-rest,datatype-dwi_run-1_suffix-dwi,datatype-func_suffix-bold_task-frac2back,datatype-func_suffix-bold_task-idemo,,,,,,,,,,,,,,,,,,,,,,,,,,,,,,,,,,,,,,,,,,,,,,,,,,,,0,,,,,1,j-,1,,,
,,,,datatype-fmap_fmap-phase1_suffix-phase1__36,datatype-fmap_fmap-phase1_suffix-phase1,36,1,,0.00269,,,60,acquisition-gre_suffix-asl,acquisition-se_suffix-asl,suffix-m0scan,,,,,,,,,,,,,,,,,,,,,,,,,,,,,,,,,,,,,,,,,,,,,,,,,,,,,0,,,,,1,j-,1,,,
,,,,datatype-fmap_fmap-phase1_suffix-phase1__37,datatype-fmap_fmap-phase1_suffix-phase1,37,1,,0.00269,,,60,acquisition-se_suffix-asl,acquisition-singleband_datatype-func_suffix-bold_task-rest,datatype-dwi_run-1_suffix-dwi,datatype-dwi_run-2_suffix-dwi,datatype-func_suffix-bold_task-frac2back,datatype-func_suffix-bold_task-hero,datatype-func_suffix-bold_task-idemo,,,,,,,,,,,,,,,,,,,,,,,,,,,,,,,,,,,,,,,,,,,,,,,,,0,,,,,1,j-,1,,,
,,,,datatype-fmap_fmap-phase1_suffix-phase1__38,datatype-fmap_fmap-phase1_suffix-phase1,38,1,,0.00269,,,60,acquisition-se_suffix-asl,datatype-dwi_run-1_suffix-dwi,datatype-dwi_run-2_suffix-dwi,datatype-func_suffix-bold_task-idemo,suffix-m0scan,,,,,,,,,,,,,,,,,,,,,,,,,,,,,,,,,,,,,,,,,,,,,,,,,,,0,,,,,1,j-,1,,,
,,,,datatype-fmap_fmap-phase1_suffix-phase1__39,datatype-fmap_fmap-phase1_suffix-phase1,39,1,,0.00269,,,60,acquisition-100_datatype-func_suffix-bold_task-rest,acquisition-se_suffix-asl,acquisition-singleband_datatype-func_suffix-bold_task-rest,datatype-func_suffix-bold_task-frac2back,datatype-func_suffix-bold_task-idemo,,,,,,,,,,,,,,,,,,,,,,,,,,,,,,,,,,,,,,,,,,,,,,,,,,,0,,,,,1,j-,1,,,
,,,,datatype-fmap_fmap-phase1_suffix-phase1__40,datatype-fmap_fmap-phase1_suffix-phase1,40,2,,0.00269,,,60,acquisition-se_suffix-asl,acquisition-singleband_datatype-func_suffix-bold_task-rest,datatype-dwi_run-1_suffix-dwi,datatype-dwi_run-2_suffix-dwi,datatype-func_suffix-bold_task-frac2back,,,,,,,,,,,,,,,,,,,,,,,,,,,,,,,,,,,,,,,,,,,,,,,,,,,0,,,,,1,j-,1,,,
,,,,datatype-fmap_fmap-phase1_suffix-phase1__41,datatype-fmap_fmap-phase1_suffix-phase1,41,2,,0.00269,,,60,acquisition-se_suffix-asl,,,,,,,,,,,,,,,,,,,,,,,,,,,,,,,,,,,,,,,,,,,,,,,,,,,,,,,0,,,,,1,j-,1,,,
,,,,datatype-fmap_fmap-phase1_suffix-phase1__42,datatype-fmap_fmap-phase1_suffix-phase1,42,1,,0.00269,,,60,acquisition-se_suffix-asl,datatype-func_suffix-bold_task-frac2back,datatype-func_suffix-bold_task-idemo,suffix-m0scan,,,,,,,,,,,,,,,,,,,,,,,,,,,,,,,,,,,,,,,,,,,,,,,,,,,,0,,,,,1,j-,1,,,
,,,,datatype-fmap_fmap-phase1_suffix-phase1__43,datatype-fmap_fmap-phase1_suffix-phase1,43,1,,0.00269,,,60,datatype-func_suffix-bold_task-frac2back,,,,,,,,,,,,,,,,,,,,,,,,,,,,,,,,,,,,,,,,,,,,,,,,,,,,,,,0,,,,,1,j-,1,,,
,,,,datatype-fmap_fmap-phase1_suffix-phase1__44,datatype-fmap_fmap-phase1_suffix-phase1,44,1,1.56E-05,0.00269,,,60,acquisition-se_suffix-asl,acquisition-singleband_datatype-func_suffix-bold_task-rest,datatype-dwi_run-1_suffix-dwi,datatype-func_suffix-bold_task-frac2back,datatype-func_suffix-bold_task-idemo,,,,,,,,,,,,,,,,,,,,,,,,,,,,,,,,,,,,,,,,,,,,,,,,,,,0,,,,,1,j-,1,,,
,,,,datatype-fmap_fmap-phase1_suffix-phase1__45,datatype-fmap_fmap-phase1_suffix-phase1,45,1,,0.00269,,,60,datatype-dwi_run-1_suffix-dwi,datatype-func_suffix-bold_task-frac2back,datatype-func_suffix-bold_task-idemo,,,,,,,,,,,,,,,,,,,,,,,,,,,,,,,,,,,,,,,,,,,,,,,,,,,,,0,,,,,1,j-,1,,,
,,,,datatype-fmap_fmap-phase2_suffix-phase2__1,datatype-fmap_fmap-phase2_suffix-phase2,1,1054,,0.00527,,,60,acquisition-se_suffix-asl,acquisition-singleband_datatype-func_suffix-bold_task-rest,datatype-dwi_run-1_suffix-dwi,datatype-dwi_run-2_suffix-dwi,datatype-func_suffix-bold_task-frac2back,datatype-func_suffix-bold_task-idemo,,,,,,,,,,,,,,,,,,,,,,,,,,,,,,,,,,,,,,,,,,,,,,,,,,0,,,,,1,j-,1,,,
,,,,datatype-fmap_fmap-phase2_suffix-phase2__2,datatype-fmap_fmap-phase2_suffix-phase2,2,31,,0.00527,,,60,acquisition-se_suffix-asl,datatype-func_suffix-bold_task-frac2back,datatype-func_suffix-bold_task-idemo,,,,,,,,,,,,,,,,,,,,,,,,,,,,,,,,,,,,,,,,,,,,,,,,,,,,,0,,,,,1,j-,1,,,
,,,,datatype-fmap_fmap-phase2_suffix-phase2__3,datatype-fmap_fmap-phase2_suffix-phase2,3,17,,0.00527,,,60,acquisition-singleband_datatype-func_suffix-bold_task-rest,datatype-dwi_run-1_suffix-dwi,datatype-dwi_run-2_suffix-dwi,datatype-func_suffix-bold_task-frac2back,datatype-func_suffix-bold_task-idemo,,,,,,,,,,,,,,,,,,,,,,,,,,,,,,,,,,,,,,,,,,,,,,,,,,,0,,,,,1,j-,1,,,
,,,,datatype-fmap_fmap-phase2_suffix-phase2__4,datatype-fmap_fmap-phase2_suffix-phase2,4,5,,0.00527,,,60,acquisition-se_suffix-asl,datatype-dwi_run-1_suffix-dwi,datatype-dwi_run-2_suffix-dwi,,,,,,,,,,,,,,,,,,,,,,,,,,,,,,,,,,,,,,,,,,,,,,,,,,,,,0,,,,,1,j-,1,,,
,,,,datatype-fmap_fmap-phase2_suffix-phase2__5,datatype-fmap_fmap-phase2_suffix-phase2,5,26,,0.00527,,,60,acquisition-se_suffix-asl,acquisition-singleband_datatype-func_suffix-bold_task-rest,datatype-dwi_run-1_suffix-dwi,datatype-dwi_run-2_suffix-dwi,datatype-func_suffix-bold_task-frac2back,datatype-func_suffix-bold_task-idemo,suffix-m0scan,,,,,,,,,,,,,,,,,,,,,,,,,,,,,,,,,,,,,,,,,,,,,,,,,0,,,,,1,j-,1,,,
,,,,datatype-fmap_fmap-phase2_suffix-phase2__6,datatype-fmap_fmap-phase2_suffix-phase2,6,170,,0.00527,,,60,acquisition-gre_suffix-asl,acquisition-se_suffix-asl,acquisition-singleband_datatype-func_suffix-bold_task-rest,datatype-dwi_run-1_suffix-dwi,datatype-dwi_run-2_suffix-dwi,datatype-func_suffix-bold_task-frac2back,datatype-func_suffix-bold_task-idemo,suffix-m0scan,,,,,,,,,,,,,,,,,,,,,,,,,,,,,,,,,,,,,,,,,,,,,,,,0,,,,,1,j-,1,,,
,,,,datatype-fmap_fmap-phase2_suffix-phase2__7,datatype-fmap_fmap-phase2_suffix-phase2,7,1,,0.00527,,,60,acquisition-se_suffix-asl,acquisition-singleband_datatype-func_suffix-bold_task-rest,datatype-func_suffix-bold_task-frac2back,,,,,,,,,,,,,,,,,,,,,,,,,,,,,,,,,,,,,,,,,,,,,,,,,,,,,0,,,,,1,j-,1,,,
,,,,datatype-fmap_fmap-phase2_suffix-phase2__8,datatype-fmap_fmap-phase2_suffix-phase2,8,14,,0.00527,,,60,acquisition-se_suffix-asl,datatype-func_suffix-bold_task-idemo,,,,,,,,,,,,,,,,,,,,,,,,,,,,,,,,,,,,,,,,,,,,,,,,,,,,,,0,,,,,1,j-,1,,,
,,,,datatype-fmap_fmap-phase2_suffix-phase2__9,datatype-fmap_fmap-phase2_suffix-phase2,9,63,,0.00527,,,60,acquisition-100_datatype-func_suffix-bold_task-rest,acquisition-se_suffix-asl,acquisition-singleband_datatype-func_suffix-bold_task-rest,datatype-dwi_run-1_suffix-dwi,datatype-dwi_run-2_suffix-dwi,datatype-func_suffix-bold_task-frac2back,datatype-func_suffix-bold_task-idemo,,,,,,,,,,,,,,,,,,,,,,,,,,,,,,,,,,,,,,,,,,,,,,,,,0,,,,,1,j-,1,,,
,,,,datatype-fmap_fmap-phase2_suffix-phase2__10,datatype-fmap_fmap-phase2_suffix-phase2,10,15,1.56E-05,0.00527,,,60,acquisition-se_suffix-asl,acquisition-singleband_datatype-func_suffix-bold_task-rest,datatype-dwi_run-1_suffix-dwi,datatype-dwi_run-2_suffix-dwi,datatype-func_suffix-bold_task-frac2back,datatype-func_suffix-bold_task-idemo,,,,,,,,,,,,,,,,,,,,,,,,,,,,,,,,,,,,,,,,,,,,,,,,,,0,,,,,1,j-,1,,,
,,,,datatype-fmap_fmap-phase2_suffix-phase2__11,datatype-fmap_fmap-phase2_suffix-phase2,11,14,,0.00527,,,60,acquisition-se_suffix-asl,datatype-dwi_run-1_suffix-dwi,datatype-dwi_run-2_suffix-dwi,datatype-func_suffix-bold_task-frac2back,datatype-func_suffix-bold_task-idemo,,,,,,,,,,,,,,,,,,,,,,,,,,,,,,,,,,,,,,,,,,,,,,,,,,,0,,,,,1,j-,1,,,
,,,,datatype-fmap_fmap-phase2_suffix-phase2__12,datatype-fmap_fmap-phase2_suffix-phase2,12,1,,0.00527,,,60,acquisition-se_suffix-asl,datatype-dwi_run-1_suffix-dwi,datatype-func_suffix-bold_task-frac2back,datatype-func_suffix-bold_task-idemo,,,,,,,,,,,,,,,,,,,,,,,,,,,,,,,,,,,,,,,,,,,,,,,,,,,,0,,,,,1,j-,1,,,
,,,,datatype-fmap_fmap-phase2_suffix-phase2__13,datatype-fmap_fmap-phase2_suffix-phase2,13,16,,0.00527,,,60,acquisition-se_suffix-asl,acquisition-singleband_datatype-func_suffix-bold_task-rest,datatype-func_suffix-bold_task-frac2back,datatype-func_suffix-bold_task-idemo,,,,,,,,,,,,,,,,,,,,,,,,,,,,,,,,,,,,,,,,,,,,,,,,,,,,0,,,,,1,j-,1,,,
,,,,datatype-fmap_fmap-phase2_suffix-phase2__14,datatype-fmap_fmap-phase2_suffix-phase2,14,4,,0.00527,,,60,acquisition-se_suffix-asl,datatype-dwi_run-1_suffix-dwi,datatype-dwi_run-2_suffix-dwi,datatype-func_suffix-bold_task-frac2back,,,,,,,,,,,,,,,,,,,,,,,,,,,,,,,,,,,,,,,,,,,,,,,,,,,,0,,,,,1,j-,1,,,
,,,,datatype-fmap_fmap-phase2_suffix-phase2__15,datatype-fmap_fmap-phase2_suffix-phase2,15,2,1.56E-05,0.00527,,,60,acquisition-se_suffix-asl,acquisition-singleband_datatype-func_suffix-bold_task-rest,datatype-func_suffix-bold_task-frac2back,datatype-func_suffix-bold_task-idemo,,,,,,,,,,,,,,,,,,,,,,,,,,,,,,,,,,,,,,,,,,,,,,,,,,,,0,,,,,1,j-,1,,,
,,,,datatype-fmap_fmap-phase2_suffix-phase2__16,datatype-fmap_fmap-phase2_suffix-phase2,16,5,,0.00527,,,60,acquisition-gre_suffix-asl,acquisition-se_suffix-asl,datatype-func_suffix-bold_task-frac2back,datatype-func_suffix-bold_task-idemo,suffix-m0scan,,,,,,,,,,,,,,,,,,,,,,,,,,,,,,,,,,,,,,,,,,,,,,,,,,,0,,,,,1,j-,1,,,
,,,,datatype-fmap_fmap-phase2_suffix-phase2__17,datatype-fmap_fmap-phase2_suffix-phase2,17,4,,0.00527,,,60,acquisition-se_suffix-asl,acquisition-singleband_datatype-func_suffix-bold_task-rest,datatype-func_suffix-bold_task-frac2back,datatype-func_suffix-bold_task-idemo,suffix-m0scan,,,,,,,,,,,,,,,,,,,,,,,,,,,,,,,,,,,,,,,,,,,,,,,,,,,0,,,,,1,j-,1,,,
,,,,datatype-fmap_fmap-phase2_suffix-phase2__18,datatype-fmap_fmap-phase2_suffix-phase2,18,2,,0.00527,,,60,acquisition-gre_suffix-asl,acquisition-se_suffix-asl,datatype-func_suffix-bold_task-frac2back,suffix-m0scan,,,,,,,,,,,,,,,,,,,,,,,,,,,,,,,,,,,,,,,,,,,,,,,,,,,,0,,,,,1,j-,1,,,
,,,,datatype-fmap_fmap-phase2_suffix-phase2__19,datatype-fmap_fmap-phase2_suffix-phase2,19,12,,0.00527,,,60,acquisition-se_suffix-asl,datatype-func_suffix-bold_task-frac2back,,,,,,,,,,,,,,,,,,,,,,,,,,,,,,,,,,,,,,,,,,,,,,,,,,,,,,0,,,,,1,j-,1,,,
,,,,datatype-fmap_fmap-phase2_suffix-phase2__20,datatype-fmap_fmap-phase2_suffix-phase2,20,1,,0.00527,,,60,datatype-dwi_run-1_suffix-dwi,datatype-dwi_run-2_suffix-dwi,datatype-func_suffix-bold_task-frac2back,datatype-func_suffix-bold_task-idemo,,,,,,,,,,,,,,,,,,,,,,,,,,,,,,,,,,,,,,,,,,,,,,,,,,,,0,,,,,1,j-,1,,,
,,,,datatype-fmap_fmap-phase2_suffix-phase2__21,datatype-fmap_fmap-phase2_suffix-phase2,21,10,,0.00527,,,60,datatype-func_suffix-bold_task-frac2back,datatype-func_suffix-bold_task-idemo,,,,,,,,,,,,,,,,,,,,,,,,,,,,,,,,,,,,,,,,,,,,,,,,,,,,,,0,,,,,1,j-,1,,,
,,,,datatype-fmap_fmap-phase2_suffix-phase2__22,datatype-fmap_fmap-phase2_suffix-phase2,22,2,,0.00527,,,60,acquisition-singleband_datatype-func_suffix-bold_task-rest,datatype-func_suffix-bold_task-frac2back,datatype-func_suffix-bold_task-idemo,,,,,,,,,,,,,,,,,,,,,,,,,,,,,,,,,,,,,,,,,,,,,,,,,,,,,0,,,,,1,j-,1,,,
,,,,datatype-fmap_fmap-phase2_suffix-phase2__23,datatype-fmap_fmap-phase2_suffix-phase2,23,7,,0.00527,,,60,acquisition-se_suffix-asl,acquisition-singleband_datatype-func_suffix-bold_task-rest,datatype-dwi_run-1_suffix-dwi,datatype-func_suffix-bold_task-frac2back,datatype-func_suffix-bold_task-idemo,,,,,,,,,,,,,,,,,,,,,,,,,,,,,,,,,,,,,,,,,,,,,,,,,,,0,,,,,1,j-,1,,,
,,,,datatype-fmap_fmap-phase2_suffix-phase2__24,datatype-fmap_fmap-phase2_suffix-phase2,24,2,,0.00527,,,60,acquisition-se_suffix-asl,acquisition-singleband_datatype-func_suffix-bold_task-rest,datatype-dwi_run-1_suffix-dwi,datatype-dwi_run-2_suffix-dwi,datatype-func_suffix-bold_task-idemo,,,,,,,,,,,,,,,,,,,,,,,,,,,,,,,,,,,,,,,,,,,,,,,,,,,0,,,,,1,j-,1,,,
,,,,datatype-fmap_fmap-phase2_suffix-phase2__25,datatype-fmap_fmap-phase2_suffix-phase2,25,2,,0.00527,,,60,acquisition-gre_suffix-asl,acquisition-se_suffix-asl,datatype-dwi_run-1_suffix-dwi,datatype-dwi_run-2_suffix-dwi,datatype-func_suffix-bold_task-frac2back,datatype-func_suffix-bold_task-idemo,suffix-m0scan,,,,,,,,,,,,,,,,,,,,,,,,,,,,,,,,,,,,,,,,,,,,,,,,,0,,,,,1,j-,1,,,
,,,,datatype-fmap_fmap-phase2_suffix-phase2__26,datatype-fmap_fmap-phase2_suffix-phase2,26,1,,0.00527,,,60,acquisition-100_datatype-func_suffix-bold_task-rest,acquisition-se_suffix-asl,acquisition-singleband_datatype-func_suffix-bold_task-rest,datatype-dwi_run-1_suffix-dwi,datatype-func_suffix-bold_task-frac2back,datatype-func_suffix-bold_task-idemo,,,,,,,,,,,,,,,,,,,,,,,,,,,,,,,,,,,,,,,,,,,,,,,,,,0,,,,,1,j-,1,,,
,,,,datatype-fmap_fmap-phase2_suffix-phase2__27,datatype-fmap_fmap-phase2_suffix-phase2,27,2,,0.00527,,,60,acquisition-se_suffix-asl,datatype-func_suffix-bold_task-frac2back,suffix-m0scan,,,,,,,,,,,,,,,,,,,,,,,,,,,,,,,,,,,,,,,,,,,,,,,,,,,,,0,,,,,1,j-,1,,,
,,,,datatype-fmap_fmap-phase2_suffix-phase2__28,datatype-fmap_fmap-phase2_suffix-phase2,28,1,,0.00527,,,60,acquisition-gre_suffix-asl,acquisition-se_suffix-asl,datatype-dwi_run-1_suffix-dwi,datatype-dwi_run-2_suffix-dwi,datatype-func_suffix-bold_task-idemo,suffix-m0scan,,,,,,,,,,,,,,,,,,,,,,,,,,,,,,,,,,,,,,,,,,,,,,,,,,0,,,,,1,j-,1,,,
,,,,datatype-fmap_fmap-phase2_suffix-phase2__29,datatype-fmap_fmap-phase2_suffix-phase2,29,2,1.56E-05,0.00527,,,60,acquisition-gre_suffix-asl,acquisition-se_suffix-asl,acquisition-singleband_datatype-func_suffix-bold_task-rest,datatype-dwi_run-1_suffix-dwi,datatype-dwi_run-2_suffix-dwi,datatype-func_suffix-bold_task-frac2back,datatype-func_suffix-bold_task-idemo,suffix-m0scan,,,,,,,,,,,,,,,,,,,,,,,,,,,,,,,,,,,,,,,,,,,,,,,,0,,,,,1,j-,1,,,
,,,,datatype-fmap_fmap-phase2_suffix-phase2__30,datatype-fmap_fmap-phase2_suffix-phase2,30,2,,0.00527,,,60,acquisition-gre_suffix-asl,acquisition-se_suffix-asl,acquisition-singleband_datatype-func_suffix-bold_task-rest,datatype-func_suffix-bold_task-frac2back,datatype-func_suffix-bold_task-idemo,suffix-m0scan,,,,,,,,,,,,,,,,,,,,,,,,,,,,,,,,,,,,,,,,,,,,,,,,,,0,,,,,1,j-,1,,,
,,,,datatype-fmap_fmap-phase2_suffix-phase2__31,datatype-fmap_fmap-phase2_suffix-phase2,31,1,1.56E-05,0.00527,,,60,acquisition-se_suffix-asl,datatype-dwi_run-1_suffix-dwi,datatype-func_suffix-bold_task-frac2back,datatype-func_suffix-bold_task-idemo,,,,,,,,,,,,,,,,,,,,,,,,,,,,,,,,,,,,,,,,,,,,,,,,,,,,0,,,,,1,j-,1,,,
,,,,datatype-fmap_fmap-phase2_suffix-phase2__32,datatype-fmap_fmap-phase2_suffix-phase2,32,3,1.56E-05,0.00527,,,60,acquisition-100_datatype-func_suffix-bold_task-rest,acquisition-se_suffix-asl,acquisition-singleband_datatype-func_suffix-bold_task-rest,datatype-dwi_run-1_suffix-dwi,datatype-dwi_run-2_suffix-dwi,datatype-func_suffix-bold_task-frac2back,datatype-func_suffix-bold_task-idemo,,,,,,,,,,,,,,,,,,,,,,,,,,,,,,,,,,,,,,,,,,,,,,,,,0,,,,,1,j-,1,,,
,,,,datatype-fmap_fmap-phase2_suffix-phase2__33,datatype-fmap_fmap-phase2_suffix-phase2,33,1,,0.00527,,,60,acquisition-se_suffix-asl,acquisition-singleband_datatype-func_suffix-bold_task-rest,datatype-dwi_run-1_suffix-dwi,datatype-dwi_run-2_suffix-dwi,,,,,,,,,,,,,,,,,,,,,,,,,,,,,,,,,,,,,,,,,,,,,,,,,,,,0,,,,,1,j-,1,,,
,,,,datatype-fmap_fmap-phase2_suffix-phase2__34,datatype-fmap_fmap-phase2_suffix-phase2,34,7,,0.00527,,,60,acquisition-100_datatype-func_suffix-bold_task-rest,acquisition-singleband_datatype-func_suffix-bold_task-rest,datatype-dwi_run-1_suffix-dwi,datatype-dwi_run-2_suffix-dwi,datatype-func_suffix-bold_task-frac2back,datatype-func_suffix-bold_task-idemo,,,,,,,,,,,,,,,,,,,,,,,,,,,,,,,,,,,,,,,,,,,,,,,,,,0,,,,,1,j-,1,,,
,,,,datatype-fmap_fmap-phase2_suffix-phase2__35,datatype-fmap_fmap-phase2_suffix-phase2,35,1,,0.00527,,,60,acquisition-singleband_datatype-func_suffix-bold_task-rest,datatype-dwi_run-1_suffix-dwi,datatype-func_suffix-bold_task-frac2back,datatype-func_suffix-bold_task-idemo,,,,,,,,,,,,,,,,,,,,,,,,,,,,,,,,,,,,,,,,,,,,,,,,,,,,0,,,,,1,j-,1,,,
,,,,datatype-fmap_fmap-phase2_suffix-phase2__36,datatype-fmap_fmap-phase2_suffix-phase2,36,1,,0.00527,,,60,acquisition-gre_suffix-asl,acquisition-se_suffix-asl,suffix-m0scan,,,,,,,,,,,,,,,,,,,,,,,,,,,,,,,,,,,,,,,,,,,,,,,,,,,,,0,,,,,1,j-,1,,,
,,,,datatype-fmap_fmap-phase2_suffix-phase2__37,datatype-fmap_fmap-phase2_suffix-phase2,37,1,,0.00527,,,60,acquisition-se_suffix-asl,acquisition-singleband_datatype-func_suffix-bold_task-rest,datatype-dwi_run-1_suffix-dwi,datatype-dwi_run-2_suffix-dwi,datatype-func_suffix-bold_task-frac2back,datatype-func_suffix-bold_task-hero,datatype-func_suffix-bold_task-idemo,,,,,,,,,,,,,,,,,,,,,,,,,,,,,,,,,,,,,,,,,,,,,,,,,0,,,,,1,j-,1,,,
,,,,datatype-fmap_fmap-phase2_suffix-phase2__38,datatype-fmap_fmap-phase2_suffix-phase2,38,1,,0.00527,,,60,acquisition-se_suffix-asl,datatype-dwi_run-1_suffix-dwi,datatype-dwi_run-2_suffix-dwi,datatype-func_suffix-bold_task-idemo,suffix-m0scan,,,,,,,,,,,,,,,,,,,,,,,,,,,,,,,,,,,,,,,,,,,,,,,,,,,0,,,,,1,j-,1,,,
,,,,datatype-fmap_fmap-phase2_suffix-phase2__39,datatype-fmap_fmap-phase2_suffix-phase2,39,1,,0.00527,,,60,acquisition-100_datatype-func_suffix-bold_task-rest,acquisition-se_suffix-asl,acquisition-singleband_datatype-func_suffix-bold_task-rest,datatype-func_suffix-bold_task-frac2back,datatype-func_suffix-bold_task-idemo,,,,,,,,,,,,,,,,,,,,,,,,,,,,,,,,,,,,,,,,,,,,,,,,,,,0,,,,,1,j-,1,,,
,,,,datatype-fmap_fmap-phase2_suffix-phase2__40,datatype-fmap_fmap-phase2_suffix-phase2,40,2,,0.00527,,,60,acquisition-se_suffix-asl,acquisition-singleband_datatype-func_suffix-bold_task-rest,datatype-dwi_run-1_suffix-dwi,datatype-dwi_run-2_suffix-dwi,datatype-func_suffix-bold_task-frac2back,,,,,,,,,,,,,,,,,,,,,,,,,,,,,,,,,,,,,,,,,,,,,,,,,,,0,,,,,1,j-,1,,,
,,,,datatype-fmap_fmap-phase2_suffix-phase2__41,datatype-fmap_fmap-phase2_suffix-phase2,41,2,,0.00527,,,60,acquisition-se_suffix-asl,,,,,,,,,,,,,,,,,,,,,,,,,,,,,,,,,,,,,,,,,,,,,,,,,,,,,,,0,,,,,1,j-,1,,,
,,,,datatype-fmap_fmap-phase2_suffix-phase2__42,datatype-fmap_fmap-phase2_suffix-phase2,42,1,,0.00527,,,60,acquisition-se_suffix-asl,datatype-func_suffix-bold_task-frac2back,datatype-func_suffix-bold_task-idemo,suffix-m0scan,,,,,,,,,,,,,,,,,,,,,,,,,,,,,,,,,,,,,,,,,,,,,,,,,,,,0,,,,,1,j-,1,,,
,,,,datatype-fmap_fmap-phase2_suffix-phase2__43,datatype-fmap_fmap-phase2_suffix-phase2,43,1,,0.00527,,,60,datatype-func_suffix-bold_task-frac2back,,,,,,,,,,,,,,,,,,,,,,,,,,,,,,,,,,,,,,,,,,,,,,,,,,,,,,,0,,,,,1,j-,1,,,
,,,,datatype-fmap_fmap-phase2_suffix-phase2__44,datatype-fmap_fmap-phase2_suffix-phase2,44,1,1.56E-05,0.00527,,,60,acquisition-se_suffix-asl,acquisition-singleband_datatype-func_suffix-bold_task-rest,datatype-dwi_run-1_suffix-dwi,datatype-func_suffix-bold_task-frac2back,datatype-func_suffix-bold_task-idemo,,,,,,,,,,,,,,,,,,,,,,,,,,,,,,,,,,,,,,,,,,,,,,,,,,,0,,,,,1,j-,1,,,
,,,,datatype-fmap_fmap-phase2_suffix-phase2__45,datatype-fmap_fmap-phase2_suffix-phase2,45,1,,0.00527,,,60,datatype-dwi_run-1_suffix-dwi,datatype-func_suffix-bold_task-frac2back,datatype-func_suffix-bold_task-idemo,,,,,,,,,,,,,,,,,,,,,,,,,,,,,,,,,,,,,,,,,,,,,,,,,,,,,0,,,,,1,j-,1,,,
Dominant group,,,,datatype-func_suffix-bold_task-frac2back__1,datatype-func_suffix-bold_task-frac2back,1,1486,,0.032,0.000550002,datatype-fmap_fmap-phase1_suffix-phase1,90,,,,,,,,,,,,,,,,,,,,,,,,,,,,,,,,,,,,,,,,,,,,,,,,,,,,,,,,46,,,,,1,j-,3,,0.0346501,
No fMap,,,acquisition-NoFmap_datatype-func_suffix-bold_task-frac2back,datatype-func_suffix-bold_task-frac2back__2,datatype-func_suffix-bold_task-frac2back,2,50,,0.032,0.000550002,,90,,,,,,,,,,,,,,,,,,,,,,,,,,,,,,,,,,,,,,,,,,,,,,,,,,,,,,,,46,,,,,1,j-,3,,0.0346501,
Dominant group,,,,datatype-func_suffix-bold_task-idemo__1,datatype-func_suffix-bold_task-idemo,1,1480,,0.032,0.000550002,datatype-fmap_fmap-phase1_suffix-phase1,90,,,,,,,,,,,,,,,,,,,,,,,,,,,,,,,,,,,,,,,,,,,,,,,,,,,,,,,,46,,,,,1,j-,3,,0.0346501,
No fMap,,,acquisition-NoFmap_datatype-func_suffix-bold_task-idemo,datatype-func_suffix-bold_task-idemo__2,datatype-func_suffix-bold_task-idemo,2,49,,0.032,0.000550002,,90,,,,,,,,,,,,,,,,,,,,,,,,,,,,,,,,,,,,,,,,,,,,,,,,,,,,,,,,46,,,,,1,j-,3,,0.0346501,